path,split,group,attention,person,workspace,phone,gaze,note,pack_label
eval/at_desk/main_at_desk_f1f031b4c4fb.jpg,eval,img_0021b5c0e435,focused,face_or_body,False,none,work,"Person sitting on bench with laptop, looking at screen.",at_desk
eval/uncertain/main_uncertain_20b9e2b73792.jpg,eval,img_0025b6b2a032,,face_or_body,True,none,unclear,Extremely pixelated image; gaze and actions cannot be determined.,uncertain
eval/uncertain/main_uncertain_38c1e50d329c.jpg,eval,img_0025b6b2a032,,face_or_body,True,none,unclear,Image too pixelated to determine attention or confirm phone use.,uncertain
eval/uncertain/main_uncertain_5f02628c9e24.jpg,eval,img_0025b6b2a032,phone,face_or_body,True,in_use,phone,Person at desk looking down at phone in hands.,uncertain
eval/uncertain/main_uncertain_7d4bbcc185f4.jpg,eval,img_0025b6b2a032,,face_or_body,True,none,unclear,Image too pixelated to determine gaze or device usage.,uncertain
eval/uncertain/main_uncertain_9613cf9b860f.jpg,eval,img_0025b6b2a032,focused,face_or_body,True,none,work,Person in plaid shirt at desk focused on monitor; two others nearby.,uncertain
eval/uncertain/main_uncertain_cf1efba28703.jpg,eval,img_0025b6b2a032,phone,face_or_body,True,in_use,phone,Standing person in orange sweater using phone.,uncertain
eval/uncertain/main_uncertain_d66e305962a6.jpg,eval,img_0025b6b2a032,,face_or_body,True,none,unclear,Image too blurred to determine attention or specific actions.,uncertain
eval/uncertain/main_uncertain_ddb5cfcf163c.jpg,eval,img_0025b6b2a032,focused,face_or_body,True,none,work,"Person in plaid shirt focused on monitor, two others present.",uncertain
train/uncertain/main_uncertain_0d9bbccbb28d.jpg,eval,img_0025b6b2a032,,face_or_body,True,none,unclear,Heavily pixelated image; person visible at desk but attention and devices indiscernible.,uncertain
train/uncertain/main_uncertain_26f21bbaf694.jpg,eval,img_0025b6b2a032,,face_or_body,True,none,unclear,Image is extremely blurry; attention and device usage cannot be determined.,uncertain
train/uncertain/main_uncertain_2af806fa5d24.jpg,eval,img_0025b6b2a032,,face_or_body,True,none,unclear,Extreme pixelation prevents assessment of gaze or device use; classroom setting visible.,uncertain
train/uncertain/main_uncertain_3d9bb313ef2e.jpg,eval,img_0025b6b2a032,,face_or_body,True,none,unclear,Image is extremely blurry; attention and objects cannot be determined.,uncertain
train/uncertain/main_uncertain_3f7814b8ab04.jpg,eval,img_0025b6b2a032,,face_or_body,True,none,unclear,Image too blurred to determine gaze direction or device usage accurately.,uncertain
train/uncertain/main_uncertain_a0c83fbe4d9a.jpg,eval,img_0025b6b2a032,,face_or_body,True,none,unclear,Severe pixelation obscures all details; workspace inferred from context.,uncertain
train/uncertain/main_uncertain_a10c7e02072c.jpg,eval,img_0025b6b2a032,,face_or_body,True,none,unclear,"Image is extremely blurry; multiple people visible, attention cannot be determined.",uncertain
train/uncertain/main_uncertain_a8d5e6b388d5.jpg,eval,img_0025b6b2a032,,face_or_body,True,none,unclear,Blurry image; multiple people present; attention and phone use indeterminable.,uncertain
train/uncertain/main_uncertain_b278cbfd2f35.jpg,eval,img_0025b6b2a032,,face_or_body,True,none,unclear,Image extremely blurry; figures visible but specific actions and gaze indistinguishable.,uncertain
train/uncertain/main_uncertain_e22283dac9d2.jpg,eval,img_0025b6b2a032,unfocused,face_or_body,True,idle,elsewhere,Seated man looks away from work while colleagues observe nearby.,uncertain
train/uncertain/main_uncertain_e8dea72f2b3d.jpg,eval,img_0025b6b2a032,unfocused,face_or_body,True,none,elsewhere,Multiple people in an office; the standing man is talking to seated colleagues.,uncertain
eval/uncertain/main_uncertain_19d1b5fa58d2.jpg,eval,img_0051cdd913ee,,face_or_body,True,none,unclear,Extremely blurry image; person present at desk but attention and details cannot be determined.,uncertain
eval/uncertain/main_uncertain_2c3f84571ecf.jpg,eval,img_0051cdd913ee,,face_or_body,True,none,unclear,Blurred image shows person at desk; gaze and activity indeterminate.,uncertain
eval/uncertain/main_uncertain_6efb331d894d.jpg,eval,img_0051cdd913ee,,face_or_body,True,none,unclear,"Extremely dark image; person seated at desk facing monitor, but visibility too low to confirm focus.",uncertain
eval/uncertain/main_uncertain_8c29c7dd3dba.jpg,eval,img_0051cdd913ee,,none,False,none,unclear,"Image too blurred to identify person, workspace, phone, or attention.",uncertain
eval/uncertain/main_uncertain_8cdad1b3c36e.jpg,eval,img_0051cdd913ee,,face_or_body,True,none,unclear,Extremely blurry image; attention and specific details cannot be determined.,uncertain
train/uncertain/main_uncertain_0e3c76a4bf69.jpg,eval,img_0051cdd913ee,,none,True,none,unclear,Image is too dark to see any person or details.,uncertain
train/uncertain/main_uncertain_119cd7063aff.jpg,eval,img_0051cdd913ee,focused,face_or_body,True,none,work,"Person seated at desk facing monitor, back to camera, engaged with screen.",uncertain
train/uncertain/main_uncertain_2463ded9260e.jpg,eval,img_0051cdd913ee,focused,face_or_body,True,none,work,Person sitting at desk facing computer monitor.,uncertain
train/uncertain/main_uncertain_32c31d23b2ce.jpg,eval,img_0051cdd913ee,,face_or_body,True,none,unclear,"Image very blurry; person and desk visible, but attention and device use unclear.",uncertain
train/uncertain/main_uncertain_3996665bb3e8.jpg,eval,img_0051cdd913ee,focused,face_or_body,True,none,work,Person sitting at desk facing computer monitor.,uncertain
train/uncertain/main_uncertain_3cf72a157e94.jpg,eval,img_0051cdd913ee,,face_or_body,True,none,unclear,Heavy blur obscures details; person and desk visible but attention indeterminate.,uncertain
train/uncertain/main_uncertain_4267010ea20d.jpg,eval,img_0051cdd913ee,,face_or_body,True,none,unclear,Image is extremely blurry; attention and phone usage cannot be determined.,uncertain
train/uncertain/main_uncertain_516aead24358.jpg,eval,img_0051cdd913ee,,face_or_body,True,none,unclear,"Image too blurred to determine gaze, phone use, or precise posture.",uncertain
train/uncertain/main_uncertain_7737e079ccd3.jpg,eval,img_0051cdd913ee,focused,face_or_body,True,none,work,Student sitting at desk facing computer monitor.,uncertain
train/uncertain/main_uncertain_8fe953fb6e1e.jpg,eval,img_0051cdd913ee,,face_or_body,True,none,unclear,Image is too dark to determine gaze or activity.,uncertain
train/uncertain/main_uncertain_a284faf3d93d.jpg,eval,img_0051cdd913ee,,face_or_body,True,none,unclear,Image is extremely pixelated; gaze and device use cannot be determined.,uncertain
train/uncertain/main_uncertain_acd6b6f547f9.jpg,eval,img_0051cdd913ee,focused,face_or_body,True,none,work,Student sitting at desk facing computer monitor.,uncertain
train/uncertain/main_uncertain_b58f40306e10.jpg,eval,img_0051cdd913ee,focused,face_or_body,True,none,work,Person sitting at desk facing computer monitor.,uncertain
train/uncertain/main_uncertain_bbe1d05f9e00.jpg,eval,img_0051cdd913ee,,face_or_body,True,none,unclear,Image is too blurry to identify details or determine attention.,uncertain
train/uncertain/main_uncertain_bfa8f2ef3158.jpg,eval,img_0051cdd913ee,,face_or_body,False,none,unclear,Image too blurry to determine focus or workspace details.,uncertain
train/uncertain/main_uncertain_d8da737a45c3.jpg,eval,img_0051cdd913ee,,face_or_body,True,none,unclear,"Severely pixelated; person and desk faintly visible, gaze unverifiable.",uncertain
train/at_desk/main_at_desk_46f1a43186c4.jpg,train,img_0056d903e3f7,focused,face_or_body,True,idle,work,"Student typing on laptop, phone visible on desk.",at_desk
eval/distracted/distracted_366.jpg,eval,img_00aa50e25e03,phone,face_or_body,True,in_use,phone,Person looking at phone while sitting at mixing console.,distracted
train/away/away_p16155281.jpg,train,img_00c9b36b8d5a,,none,True,none,unclear,"Empty workspace with open laptop, no person visible.",away
eval/at_desk/main_at_desk_0bf1a364312b.jpg,eval,img_01105efe55ee,,none,False,none,unclear,No person visible in the image.,at_desk
train/at_desk/main_at_desk_13a25dfd1f3e.jpg,eval,img_01105efe55ee,,none,True,none,unclear,Laptop is open but no person is visible.,at_desk
train/at_desk/main_at_desk_1fa71b84e405.jpg,eval,img_01105efe55ee,,none,True,none,unclear,"Image shows a laptop, no person is visible.",at_desk
train/at_desk/main_at_desk_2e383446bb4b.jpg,eval,img_01105efe55ee,,none,True,none,unclear,"No person visible in the image, only a laptop.",at_desk
train/at_desk/main_at_desk_3159398932e4.jpg,eval,img_01105efe55ee,,none,False,none,unclear,"No person visible in the image, just a laptop illustration.",at_desk
train/at_desk/main_at_desk_34973d969da4.jpg,eval,img_01105efe55ee,,none,False,none,unclear,No person visible in image.,at_desk
train/at_desk/main_at_desk_84bd347cc491.jpg,eval,img_01105efe55ee,,none,True,none,unclear,"No person visible, just a laptop on a surface.",at_desk
train/at_desk/main_at_desk_91dcf126d13c.jpg,eval,img_01105efe55ee,,none,True,none,unclear,Image shows a laptop only; no person is visible.,at_desk
train/at_desk/main_at_desk_dd477ff45a51.jpg,eval,img_01105efe55ee,,none,True,none,unclear,"Laptop visible, no person present to judge attention.",at_desk
train/uncertain/main_uncertain_4dfe9c4a8dfd.jpg,eval,img_01105efe55ee,,none,True,none,unclear,"Laptop visible, no person present in frame.",uncertain
train/at_desk/main_at_desk_98746b7f3267.jpg,train,img_011ae15b1fa5,focused,face_or_body,True,none,work,Student looking at tablet on desk.,at_desk
eval/at_desk/at_desk_020.jpg,eval,img_011ba1d0b153,focused,face_or_body,True,none,work,"Student sits at desk facing chalkboard, engaged in writing or reading.",at_desk
train/at_desk/main_at_desk_ff1fde0032b7.jpg,eval,img_011ba1d0b153,focused,face_or_body,True,none,work,Student sitting at desk facing blackboard schedule.,at_desk
train/away/main_away_6a9fd3439aba.jpg,train,img_0130215fb914,focused,face_or_body,True,idle,work,Woman in foreground focused on laptop; phone idle on desk.,away
train/distracted/distracted_217.jpg,train,img_014787308266,,face_or_body,False,none,elsewhere,"Group of women smiling, looking at each other.",distracted
train/away/main_away_cd571fa4d34b.jpg,train,img_01bef6dfc1cf,focused,face_or_body,False,none,work,"Historical painting shows angel and woman reading book, no desk or phone.",away
train/at_desk/at_desk_p5905749.jpg,train,img_01c58bd888cc,,face_or_body,True,none,camera,Student is looking at a video call on the screen.,at_desk
train/distracted/distracted_142.jpg,train,img_01ecad02ecca,phone,face_or_body,False,in_use,phone,"Person in bed looking at phone, laptop open nearby.",distracted
train/at_desk/at_desk_p4384091.jpg,train,img_01ffcd871ebd,focused,face_or_body,True,none,work,Child sitting at table looking at laptop screen.,at_desk
train/away/away_p22763683.jpg,train,img_0207ec74b0ce,,none,True,none,unclear,No person visible in the image.,away
train/distracted/distracted_101.jpg,train,img_020b6ee47c71,phone,face_or_body,True,in_use,phone,Student using smartphone instead of working.,distracted
train/at_desk/at_desk_p4144100.jpg,train,img_023bc10c95c9,focused,face_or_body,True,none,work,Student writing in a notebook at a desk.,at_desk
train/distracted/main_distracted_82dffa279180.jpg,train,img_023bc10c95c9,focused,face_or_body,True,none,work,Student writing in notebook at desk.,distracted
train/uncertain/main_uncertain_689a88b50829.jpg,train,img_023bc10c95c9,focused,face_or_body,True,none,work,"Blurry student in yellow shirt leaning over desk, likely writing.",uncertain
train/at_desk/at_desk_p8197503.jpg,train,img_0262f1eb3d36,focused,face_or_body,True,none,work,Student looking at laptop while writing notes.,at_desk
train/distracted/distracted_057.jpg,train,img_026b61b3403f,phone,face_or_body,True,in_use,phone,Student looking down at phone while seated at desk.,distracted
train/distracted/main_distracted_323e52cbd147.jpg,train,img_027c779ddd8b,unfocused,face_or_body,True,none,elsewhere,Student looks away from desk while holding a headset.,distracted
train/distracted/distracted_332.jpg,train,img_02c4fa055da0,,face_or_body,False,idle,camera,"Woman standing by window holding phone, looking at camera.",distracted
train/away/away_p3747473.jpg,train,img_02f4c1ead635,,none,True,none,unclear,"Empty room with computers, no person visible.",away
train/at_desk/main_at_desk_97b22fdab68f.jpg,train,img_0321538a3add,,none,False,none,unclear,"Image is a conceptual sketchnote, not a photo of a student at a desk.",at_desk
train/away/away_p1229865.jpg,train,img_0323ce038365,,none,True,none,unclear,"Workspace visible with laptop, mug, and plant; no person present.",away
train/at_desk/at_desk_p9127062.jpg,train,img_033a8b5d460c,focused,face_or_body,True,none,work,Student is focused on writing in a notebook.,at_desk
train/at_desk/main_at_desk_e0ff31f968eb.jpg,train,img_0344110124cd,,face_or_body,True,none,camera,Woman raises hands and looks directly at camera.,at_desk
train/away/away_p21325133.jpg,train,img_0369041a754c,,none,True,none,unclear,"Desk setup with laptop, monitor, camera, and lamp; no person visible.",away
train/at_desk/at_desk_p5917846.jpg,train,img_036ab83c5d63,focused,face_or_body,True,none,work,Woman looking at computer monitor.,at_desk
train/distracted/distracted_043.jpg,train,img_037099c2fb84,,face_or_body,False,none,elsewhere,Two Coast Guard members looking out at the ocean.,distracted
eval/at_desk/at_desk_p15982364.jpg,eval,img_03c129009d76,,face_or_body,True,none,camera,Man looks directly at the camera through the window.,at_desk
train/at_desk/at_desk_007.jpg,train,img_03c6608b0a9b,,hands_only,True,none,work,"Hands typing on laptop keyboard, focus appears to be on work.",at_desk
train/at_desk/main_at_desk_735d8bcd0a14.jpg,train,img_03c6608b0a9b,,hands_only,True,none,work,Hands typing on a laptop at a desk.,at_desk
train/uncertain/uncertain_syn_pixel_blur.jpg,train,img_03c6608b0a9b,phone,hands_only,True,in_use,phone,Blurry image shows hands holding and using a phone.,uncertain
train/at_desk/main_at_desk_f1ceaacb5aac.jpg,train,img_03e0eb575f44,,none,False,none,unclear,"Image shows a whiteboard with notes, no person visible.",at_desk
train/away/away_p5324875.jpg,train,img_03e4e2507b43,focused,face_or_body,True,none,work,Student focused on laptop screen at desk.,away
train/at_desk/at_desk_p5905878.jpg,train,img_0404b5473737,focused,face_or_body,True,none,work,Student writing in notebook while viewing laptop.,at_desk
eval/uncertain/main_uncertain_e81de8e8814e.jpg,eval,img_0420678c9bfb,focused,face_or_body,True,none,work,"Student seated at desk facing monitor, back visible; image very bright.",uncertain
train/uncertain/main_uncertain_0928c7e7c747.jpg,eval,img_0420678c9bfb,focused,face_or_body,True,none,work,"Person sitting at desk facing monitor, back to camera.",uncertain
train/uncertain/main_uncertain_41cd2d351d22.jpg,eval,img_0420678c9bfb,focused,face_or_body,True,none,work,"Person sitting at desk facing monitor in bright, overexposed room.",uncertain
train/uncertain/main_uncertain_9e1d7f80f987.jpg,eval,img_0420678c9bfb,focused,face_or_body,True,none,work,"Person seated at desk facing monitor, back visible, appearing to work.",uncertain
train/uncertain/main_uncertain_ac5c0ac3e4e4.jpg,eval,img_0420678c9bfb,unfocused,face_or_body,True,none,elsewhere,"Student at desk looking sideways at another person, not at screen.",uncertain
train/uncertain/main_uncertain_d9bdc0a97b7a.jpg,eval,img_0420678c9bfb,focused,face_or_body,True,none,work,Person seated at desk facing computer monitor.,uncertain
eval/distracted/distracted_365.jpg,eval,img_0438211cc919,phone,face_or_body,True,in_use,phone,Student looking at phone while holding pen.,distracted
train/away/away_p8423439.jpg,train,img_04763256477b,,none,False,none,unclear,Empty classroom with no people visible.,away
train/at_desk/main_at_desk_844237659901.jpg,train,img_048e38ba5c47,,face_or_body,False,none,elsewhere,Man speaking into microphone to seated audience.,at_desk
train/distracted/distracted_408.jpg,train,img_04b456fd033a,phone,hands_only,True,in_use,phone,Person holding phone and credit card at a desk.,distracted
train/away/main_away_3346de9ac260.jpg,train,img_04b8ed6e5a3f,,face_or_body,False,none,elsewhere,Woman holding baby in vintage illustration; no desk or study materials visible.,away
train/away/away_p6177568.jpg,train,img_04daae79a857,,none,True,none,unclear,Empty desk setup with no person visible to judge.,away
train/away/away_008.jpg,train,img_052b5d8c5886,,none,False,none,unclear,No person visible in the image.,away
train/away/fixture_empty.jpg,train,img_052b5d8c5886,,none,False,none,unclear,"Empty room, no person visible to judge.",away
train/distracted/distracted_352.jpg,train,img_0539d44602f7,,none,False,none,unclear,"Image shows banana leaves, no person or workspace visible.",distracted
train/at_desk/main_at_desk_3fdd2dab87e2.jpg,train,img_0553c187166f,phone,face_or_body,True,in_use,unclear,"Torso visible, holding landline receiver, typing on laptop, face unseen.",at_desk
train/at_desk/main_at_desk_c1c31d6678c0.jpg,train,img_0558ccebb19b,,none,True,none,unclear,"Audio equipment and laptop visible, no person present.",at_desk
eval/distracted/distracted_113.jpg,eval,img_05636f3fcde2,phone,hands_only,True,in_use,phone,"Hands holding phone over laptop, screen is on.",distracted
train/at_desk/at_desk_002.jpg,train,img_0588f9000310,,hands_only,True,none,work,"Hands writing in notebook, workspace with monitor.",at_desk
train/at_desk/main_at_desk_40ee0e7bdd94.jpg,train,img_0588f9000310,,hands_only,True,none,work,"Student writing in notebook, monitor shows video call.",at_desk
train/uncertain/uncertain_syn_fog.jpg,train,img_0588f9000310,,hands_only,True,none,work,"Hands writing on paper, monitor visible but no face.",uncertain
train/distracted/distracted_227.jpg,train,img_05a67d3681e4,phone,hands_only,True,in_use,phone,"Student holding phone, screen active, clearly using it.",distracted
train/at_desk/at_desk_p5537940.jpg,train,img_05a894e6a79c,,hands_only,True,none,work,Person writing in notebook with laptop nearby.,at_desk
eval/distracted/distracted_367.jpg,eval,img_05edb55918f8,phone,face_or_body,True,in_use,phone,"Student is standing and looking at phone, not working.",distracted
train/distracted/distracted_084.jpg,train,img_060a3e3a16f5,phone,face_or_body,True,in_use,phone,Person is looking at a smartphone held in hands.,distracted
train/away/away_p6968164.jpg,train,img_060a59aa7507,,none,True,none,unclear,"Laptop on desk, no person visible.",away
train/away/rafast_chair_00080.jpg,train,img_062290164daa,,none,False,none,unclear,No person is visible in the image.,away
train/uncertain/main_uncertain_13d18f856175.jpg,train,img_0648be32a409,unfocused,face_or_body,True,none,elsewhere,Very dark; person at desk looking away at standing person.,uncertain
train/uncertain/main_uncertain_636a63ff3520.jpg,train,img_0648be32a409,,face_or_body,True,none,unclear,Image is extremely dark; difficult to discern details or attention.,uncertain
train/uncertain/main_uncertain_7a77f995f83f.jpg,train,img_0648be32a409,unfocused,face_or_body,True,none,elsewhere,Dark office scene; person at desk appears to be interacting with another person.,uncertain
train/uncertain/main_uncertain_861b7ba18572.jpg,train,img_0648be32a409,,face_or_body,True,none,unclear,Extremely dark image with multiple people; gaze and focus cannot be determined.,uncertain
train/uncertain/main_uncertain_b1a4210c3ef3.jpg,train,img_0648be32a409,,face_or_body,True,none,unclear,"Very dark image; person at desk, attention unclear due to lighting.",uncertain
train/distracted/distracted_330.jpg,train,img_0657e2da0c98,phone,face_or_body,True,in_use,work,Student on phone but writing in notebook.,distracted
train/at_desk/at_desk_001.jpg,train,img_068a583d6e38,focused,face_or_body,True,idle,work,Student typing on laptop with open books nearby.,at_desk
train/at_desk/main_at_desk_b6778f7af682.jpg,train,img_068a583d6e38,focused,face_or_body,True,idle,work,Student typing on laptop with phone idle nearby.,at_desk
train/uncertain/uncertain_syn_soft_blur.jpg,train,img_068a583d6e38,,face_or_body,True,none,unclear,"Image is extremely blurred, preventing determination of attention or device usage.",uncertain
train/away/away_p37790427.jpg,train,img_06eba15794b6,,none,True,none,unclear,Empty classroom with desks and books; no person present.,away
eval/at_desk/at_desk_p1181676.jpg,eval,img_0776ef1bd0c3,focused,face_or_body,True,none,work,Student is focused on laptop screen while wearing headphones.,at_desk
train/distracted/main_distracted_4096e2553b13.jpg,eval,img_0776ef1bd0c3,focused,face_or_body,True,none,work,Person is looking at computer monitors while wearing headphones.,distracted
eval/uncertain/main_uncertain_01c21c160e9f.jpg,eval,img_078115ed4b72,,face_or_body,False,none,unclear,Image extremely pixelated; person visible but details indiscernible.,uncertain
eval/uncertain/main_uncertain_0c88ca3271a3.jpg,eval,img_078115ed4b72,,face_or_body,True,none,unclear,Image is extremely blurry; figures and actions are indistinct.,uncertain
eval/uncertain/main_uncertain_3b1f7e7c3807.jpg,eval,img_078115ed4b72,,face_or_body,True,none,unclear,Severe blur obscures gaze and objects; figures at desks indistinguishable.,uncertain
eval/uncertain/main_uncertain_6c72081f8e4b.jpg,eval,img_078115ed4b72,focused,face_or_body,True,none,work,Person seated at desk facing computer monitor.,uncertain
eval/uncertain/main_uncertain_867f43661469.jpg,eval,img_078115ed4b72,,face_or_body,True,none,unclear,Extremely blurred image; person and workspace visible but attention indiscernible.,uncertain
eval/uncertain/main_uncertain_ea7260f7be30.jpg,eval,img_078115ed4b72,focused,face_or_body,True,none,work,Student seated at desk facing computer monitor.,uncertain
train/uncertain/main_uncertain_0095a9973885.jpg,eval,img_078115ed4b72,focused,face_or_body,True,none,work,Person sits at desk facing computer monitor in a very dark room.,uncertain
train/uncertain/main_uncertain_0565e66c4b29.jpg,eval,img_078115ed4b72,,face_or_body,False,none,elsewhere,"Extremely dark room; person standing at wall, away from desk.",uncertain
train/uncertain/main_uncertain_3429469c6bb4.jpg,eval,img_078115ed4b72,,face_or_body,True,none,unclear,Image too blurry to determine attention or phone use; person and desk visible.,uncertain
train/uncertain/main_uncertain_37431dbea5ff.jpg,eval,img_078115ed4b72,focused,face_or_body,True,none,work,Person sitting at desk facing computer monitor.,uncertain
train/uncertain/main_uncertain_431fc9e0b428.jpg,eval,img_078115ed4b72,focused,face_or_body,True,none,work,Very dark image; person seated at desk facing monitor.,uncertain
train/uncertain/main_uncertain_48ccdfa24dd0.jpg,eval,img_078115ed4b72,,face_or_body,True,none,unclear,Severe pixelation prevents identification of specific devices or gaze.,uncertain
train/uncertain/main_uncertain_5144b235cf5c.jpg,eval,img_078115ed4b72,focused,face_or_body,True,none,work,Person seated at desk facing monitor in very dark room.,uncertain
train/uncertain/main_uncertain_5712dcde740f.jpg,eval,img_078115ed4b72,,none,False,none,unclear,"Image too pixelated to identify person, workspace, or attention.",uncertain
train/uncertain/main_uncertain_57c1ad2efa43.jpg,eval,img_078115ed4b72,,face_or_body,True,none,unclear,Image is extremely dark; bodies visible but attention indeterminable.,uncertain
train/uncertain/main_uncertain_64a16ce0d612.jpg,eval,img_078115ed4b72,,face_or_body,True,none,unclear,Image too pixelated to determine attention or device usage accurately.,uncertain
train/uncertain/main_uncertain_6cf4b852292d.jpg,eval,img_078115ed4b72,,face_or_body,True,none,unclear,Extremely blurry image; person and workspace visible but attention indiscernible.,uncertain
train/uncertain/main_uncertain_7225f8aacf00.jpg,eval,img_078115ed4b72,unfocused,face_or_body,True,none,elsewhere,Person in plaid shirt appears to be looking at another person in dimly lit office.,uncertain
train/uncertain/main_uncertain_76fcc4508719.jpg,eval,img_078115ed4b72,,face_or_body,True,none,unclear,"Severe pixelation prevents determining gaze, posture, or device usage.",uncertain
train/uncertain/main_uncertain_7708283fcf25.jpg,eval,img_078115ed4b72,,face_or_body,True,none,unclear,Extremely blurry image prevents accurate assessment of attention or phone use.,uncertain
train/uncertain/main_uncertain_77c736dd9f27.jpg,eval,img_078115ed4b72,,face_or_body,True,none,unclear,Extremely pixelated image; workspace visible but attention cannot be determined.,uncertain
train/uncertain/main_uncertain_7e5026c15e9a.jpg,eval,img_078115ed4b72,,face_or_body,True,none,unclear,Image too pixelated to determine attention or device use.,uncertain
train/uncertain/main_uncertain_81cd1c1bfd39.jpg,eval,img_078115ed4b72,,face_or_body,True,none,unclear,Image too blurry to see details or determine attention.,uncertain
train/uncertain/main_uncertain_83a894ce6304.jpg,eval,img_078115ed4b72,focused,face_or_body,True,none,work,Student sitting at desk facing computer monitor.,uncertain
train/uncertain/main_uncertain_89d66217378f.jpg,eval,img_078115ed4b72,,face_or_body,True,none,unclear,Image is too blurry to determine specific details or attention.,uncertain
train/uncertain/main_uncertain_8d12ed2fb250.jpg,eval,img_078115ed4b72,,face_or_body,True,none,unclear,Severe pixelation obscures details; desk and person visible but attention unverifiable.,uncertain
train/uncertain/main_uncertain_a9d6777de4b4.jpg,eval,img_078115ed4b72,focused,face_or_body,True,none,work,Very dark image; person seated at desk facing computer monitor.,uncertain
train/uncertain/main_uncertain_af6ccdbf10dd.jpg,eval,img_078115ed4b72,,face_or_body,True,none,unclear,"Severe blur prevents determining attention, phone use, or specific workspace details.",uncertain
train/uncertain/main_uncertain_bcdb4c75b184.jpg,eval,img_078115ed4b72,focused,face_or_body,True,none,work,Person sitting at desk looking at computer monitor.,uncertain
train/uncertain/main_uncertain_c29cf70757f3.jpg,eval,img_078115ed4b72,,face_or_body,True,none,unclear,Silhouette at desk in dark room; attention impossible to determine.,uncertain
train/uncertain/main_uncertain_cd92bb4016bc.jpg,eval,img_078115ed4b72,unfocused,face_or_body,True,none,elsewhere,Man at desk looking at woman sitting in chair.,uncertain
train/uncertain/main_uncertain_cee6d4d08526.jpg,eval,img_078115ed4b72,,face_or_body,True,none,unclear,"Image too pixelated to determine gaze, phone use, or specific activity.",uncertain
train/uncertain/main_uncertain_d06cc6776b6f.jpg,eval,img_078115ed4b72,,face_or_body,True,none,unclear,"Very dark image; person in plaid shirt at desk, face visibility poor.",uncertain
train/uncertain/main_uncertain_d492bd84ff17.jpg,eval,img_078115ed4b72,,face_or_body,True,none,unclear,Extremely blurry; person and desk visible but attention and phone use cannot be determined.,uncertain
train/uncertain/main_uncertain_db3b5f918da6.jpg,eval,img_078115ed4b72,focused,face_or_body,True,none,work,Person sitting at desk facing computer monitor.,uncertain
train/uncertain/main_uncertain_ddd412bf56d3.jpg,eval,img_078115ed4b72,,face_or_body,True,none,unclear,Blurred image prevents determining attention or phone use.,uncertain
train/uncertain/main_uncertain_de8f2df7faf8.jpg,eval,img_078115ed4b72,,face_or_body,True,none,unclear,"Person seated at desk facing monitor, but image too dark to confirm focus.",uncertain
train/uncertain/main_uncertain_f93c34172bf2.jpg,eval,img_078115ed4b72,,face_or_body,True,none,unclear,"Person at desk, face turned away, eyes not visible.",uncertain
train/at_desk/at_desk_p39204858.jpg,train,img_079740e8d7be,focused,face_or_body,True,none,work,Student is typing on a laptop at a desk.,at_desk
train/at_desk/at_desk_p31112222.jpg,train,img_07a14db7c483,focused,face_or_body,True,idle,work,"Student typing at computer, phone idle on desk.",at_desk
eval/away/main_away_d154c8ac30e5.jpg,eval,img_07a59bfa3500,,none,False,none,unclear,"Image shows architectural drawing, no person visible.",away
train/distracted/distracted_402.jpg,train,img_07bca5aa104b,phone,face_or_body,True,in_use,phone,Person looking at phone while typing on laptop.,distracted
train/at_desk/at_desk_p4968487.jpg,train,img_083eb5310ff0,focused,face_or_body,False,none,work,Person using laptop while sitting on a sofa.,at_desk
train/at_desk/at_desk_p771317.jpg,train,img_0848ba8ce20e,focused,face_or_body,True,none,work,"Student writing in notebook, wearing a smartwatch.",at_desk
eval/away/away_p30699851.jpg,eval,img_0854ecc53fb4,,none,False,none,unclear,No person visible; image shows architectural interior.,away
train/at_desk/main_at_desk_419efbda705c.jpg,train,img_0895703ee585,,face_or_body,False,none,elsewhere,"Large audience in lecture hall, not a desk setting.",at_desk
train/uncertain/main_uncertain_61cfbb97f34b.jpg,train,img_0895703ee585,,none,False,none,unclear,"Image is heavily pixelated, showing a crowd scene with no identifiable student, desk, or device.",uncertain
train/distracted/distracted_029.jpg,train,img_0926ffba5f47,,face_or_body,False,none,elsewhere,"Person in helmet holding radio handset, looking away from camera.",distracted
train/distracted/distracted_053.jpg,train,img_095ff2267e71,phone,face_or_body,True,in_use,phone,"Student holding phone with both hands, looking at screen.",distracted
train/away/away_p6234621.jpg,train,img_0969adbcf9f4,,none,True,none,unclear,"No person visible, workspace is empty.",away
train/away/away_p256519.jpg,train,img_098a0ff69e5c,,none,True,none,unclear,"Empty classroom with desks and chairs, no people visible.",away
eval/at_desk/at_desk_p8369211.jpg,eval,img_098cc54c2ad6,,hands_only,True,none,unclear,Only hand and arm visible; no phone or face shown.,at_desk
train/at_desk/at_desk_p5530475.jpg,train,img_0a35fa130b55,focused,face_or_body,True,none,work,Student sitting at desk looking at computer monitor.,at_desk
eval/at_desk/main_at_desk_1d6fa1f4a840.jpg,eval,img_0a6c5546853d,focused,face_or_body,True,none,work,Student is reading a document at a desk with study materials.,at_desk
eval/distracted/distracted_059.jpg,eval,img_0a7ce1318f0d,phone,face_or_body,True,in_use,phone,Person holding and using phone at desk.,distracted
train/distracted/distracted_309.jpg,train,img_0aa89ef933c8,phone,face_or_body,True,in_use,elsewhere,"Woman talking on phone, looking away from laptop.",distracted
train/at_desk/main_at_desk_2402164ad429.jpg,train,img_0aaac0e9da9b,,face_or_body,False,none,elsewhere,"Group sitting on ottomans in discussion, no desk or work visible.",at_desk
train/distracted/distracted_259.jpg,train,img_0aafc8aab1c6,phone,face_or_body,True,in_use,phone,Person sitting at desk using phone instead of laptop.,distracted
train/away/main_away_af15abb9e6e8.jpg,train,img_0ae3ee0493eb,,none,True,none,unclear,No person visible in the image.,away
train/distracted/distracted_245.jpg,train,img_0aee549f5717,phone,face_or_body,True,in_use,phone,Student looking at phone while holding glasses.,distracted
train/distracted/distracted_044.jpg,train,img_0af90962a8d6,,face_or_body,False,none,camera,Man sitting at market stall looking at camera while holding a plate of food.,distracted
eval/at_desk/main_at_desk_458612d784f4.jpg,eval,img_0b30237eb2a1,focused,face_or_body,True,none,work,Person on left drawing on drafting table.,at_desk
train/distracted/distracted_329.jpg,train,img_0b719ebe31c3,phone,face_or_body,True,in_use,phone,Student looking at phone held in hands.,distracted
train/distracted/main_distracted_c833676f059e.jpg,train,img_0b7ed3a3a9ac,phone,face_or_body,False,in_use,camera,"Two women looking at a phone, posing for a photo.",distracted
eval/distracted/distracted_077.jpg,eval,img_0ba9e99334ee,phone,face_or_body,True,in_use,phone,"Woman looking at phone, ignoring open notebook.",distracted
train/distracted/distracted_339.jpg,train,img_0c7e6bf79589,,none,False,none,unclear,"Abstract light painting, no person or workspace visible.",distracted
train/uncertain/main_uncertain_e78c4fe1dd8f.jpg,train,img_0c8233ddfca8,unfocused,face_or_body,True,none,elsewhere,Standing person facing seated students; no phone or work focus visible.,uncertain
train/away/rafast_chair_00020.jpg,train,img_0ccb85e2fa9f,,none,False,none,unclear,No person visible; image shows outdoor chairs.,away
train/at_desk/at_desk_p5538344.jpg,train,img_0d0b708c0e0c,focused,face_or_body,True,none,work,Student writing with a pencil on paper.,at_desk
train/uncertain/main_uncertain_eed244501383.jpg,train,img_0d1b8f709f0d,focused,face_or_body,True,none,work,"Person seated at desk, facing computer monitor, actively working.",uncertain
train/away/main_away_72009a41dbfd.jpg,train,img_0d3e25eaea12,,none,False,none,unclear,"No person visible, image shows decorative items only.",away
train/at_desk/main_at_desk_87cac2ce22ed.jpg,train,img_0d6d27e73b3b,,face_or_body,False,none,camera,"Stylized illustration, not a real student.",at_desk
eval/distracted/main_distracted_0699b24e1520.jpg,eval,img_0d771678ade5,,face_or_body,False,none,elsewhere,Group of people standing at a kiosk or counter.,distracted
train/away/rafast_chair_00056.jpg,train,img_0dd1c94206ec,,none,False,none,unclear,"Image shows a chair, no person visible.",away
train/away/away_p1018465.jpg,train,img_0de64af6ff26,,none,True,none,unclear,"Empty workspace, no person visible.",away
train/away/main_away_8d36311cb567.jpg,train,img_0e246fbb3bc7,,face_or_body,False,none,camera,"Historical photo; three men seated at table facing camera, no study materials.",away
train/distracted/main_distracted_750170d81a4b.jpg,train,img_0e66978f7e47,,face_or_body,False,none,elsewhere,"Person pushing a cart outdoors, not at a desk.",distracted
train/distracted/distracted_412.jpg,train,img_0e6fafa54c4e,,hands_only,True,idle,work,Hand writing in notebook while phone lies idle.,distracted
eval/away/main_away_e4f0f9bc6d20.jpg,eval,img_0e89eda92039,,face_or_body,False,none,camera,Person making a gesture at a political event.,away
train/at_desk/main_at_desk_547c3001c270.jpg,train,img_0e8cc5c4d95e,,hands_only,True,idle,work,Hand holding pen over laptop keyboard suggests active work; phone idle on notebook.,at_desk
eval/away/rafast_chair_00094.jpg,eval,img_0ee01be62def,,none,False,none,unclear,"Image shows a gaming chair, no person or workspace visible.",away
train/at_desk/main_at_desk_88ea482e5317.jpg,train,img_0eee7b9c5f3c,focused,face_or_body,False,none,work,"Person in crowd looking at a tablet, no desk visible.",at_desk
train/away/main_away_5bb508d80171.jpg,train,img_0f5144449694,,none,True,none,unclear,Empty classroom with no students visible.,away
train/distracted/distracted_281.jpg,train,img_0f70d456b353,phone,hands_only,True,in_use,phone,Hands holding and interacting with a smartphone.,distracted
train/distracted/main_distracted_c2c5863ae984.jpg,train,img_0f713a396112,phone,face_or_body,False,in_use,phone,Person is looking down at a phone in their hands.,distracted
train/at_desk/main_at_desk_ca2756ec7cfd.jpg,train,img_0f860ac275d9,focused,face_or_body,False,none,work,Person sitting outside using a laptop.,at_desk
train/away/main_away_b71c7b2678d8.jpg,train,img_0faa9f2bf8b6,,none,False,none,unclear,"Image shows squat toilets, no person or workspace visible.",away
train/away/away_p12509206.jpg,train,img_10070ca74212,,none,True,none,unclear,"Empty classroom, monitors visible but no person present.",away
eval/distracted/main_distracted_b9cae8e24ea6.jpg,eval,img_100cb3b5e50f,phone,hands_only,False,in_use,phone,"Person holding and using a smartphone, not at a desk.",distracted
train/distracted/distracted_005.jpg,eval,img_100cb3b5e50f,phone,face_or_body,False,in_use,phone,Person holding and using a smartphone.,distracted
train/at_desk/main_at_desk_dc82c98b1991.jpg,train,img_10286da07a9f,,face_or_body,False,none,elsewhere,"Man speaking into microphone, audience seated in front.",at_desk
train/away/main_away_06075c61cb5c.jpg,train,img_103cd0fbf789,,none,False,none,unclear,Empty classroom with no people visible.,away
train/away/away_p6683391.jpg,train,img_106119c798bb,,none,True,none,unclear,"Empty desk with papers and pencil, no student visible.",away
eval/away/rafast_chair_00085.jpg,eval,img_1063467f80eb,,none,False,none,unclear,No person visible in the image.,away
train/away/main_away_6a873691bc75.jpg,train,img_10ca82432d7d,,none,True,none,unclear,"Books and notebook visible, no person present.",away
train/away/away_p27758877.jpg,train,img_10d2c822e38a,,none,False,none,unclear,"Empty event space, no person visible.",away
train/distracted/distracted_381.jpg,train,img_10e2aeaaa9af,phone,face_or_body,True,in_use,phone,Man on phone call while looking at computer monitor.,distracted
train/away/away_p32368063.jpg,train,img_10eec6ab96d4,,hands_only,False,none,work,"Reading a book, focus on text.",away
train/away/away_p5686504.jpg,train,img_10fda80ed7f1,,none,False,none,unclear,"Empty room, no person present.",away
eval/distracted/distracted_015.jpg,eval,img_11649139739b,phone,hands_only,True,in_use,phone,"Hands holding phone, likely distracted from computer work.",distracted
train/distracted/main_distracted_e980beab1597.jpg,eval,img_11649139739b,phone,hands_only,True,in_use,phone,"Student holding phone, looking at screen.",distracted
eval/away/rafast_chair_00081.jpg,eval,img_1169a3dd6c2b,,none,False,none,unclear,"Two chairs visible, no person present.",away
train/at_desk/main_at_desk_b3525b478a00.jpg,train,img_11816781cf45,,hands_only,True,none,work,"Hands typing on a laptop keyboard, focused on work.",at_desk
train/away/away_p8463151.jpg,train,img_11ad25abe75e,unfocused,face_or_body,True,none,elsewhere,People in a meeting looking at a standing presenter.,away
train/at_desk/at_desk_p5262276.jpg,train,img_11ca37b468a5,,face_or_body,False,none,camera,Woman smiling at camera with reflection visible.,at_desk
train/at_desk/at_desk_p5940844.jpg,train,img_11dcc0bdb5e3,unfocused,face_or_body,True,none,elsewhere,"Group studying at table, faces turned to peers not screens.",at_desk
train/uncertain/main_uncertain_bc262286fcfe.jpg,train,img_11dcc0bdb5e3,,face_or_body,True,none,unclear,"Image too blurry to determine gaze, activity, or device use.",uncertain
train/away/away_p28729682.jpg,train,img_12006157916e,,none,True,none,unclear,"Desk with laptop and drives, no person visible.",away
eval/away/away_013.jpg,eval,img_122a89eece50,,face_or_body,False,none,elsewhere,"Group of students sitting in a lounge area, no desks visible.",away
train/at_desk/at_desk_p36146635.jpg,train,img_12725d88dd60,focused,face_or_body,True,none,work,"Student looking at laptop screen, appearing focused.",at_desk
train/distracted/distracted_035.jpg,train,img_12d6cee977ed,phone,face_or_body,True,in_use,phone,"Student in striped shirt sitting at table, looking at phone in hands.",distracted
eval/at_desk/main_at_desk_bd95f41249da.jpg,eval,img_12d9ff9840d5,unfocused,face_or_body,True,none,elsewhere,"Student shaking hands and smiling, looking at another person.",at_desk
train/away/away_p8453801.jpg,train,img_12ee399dbcd4,,none,True,none,unclear,Empty office workspace with no person visible.,away
train/away/rafast_chair_00032.jpg,train,img_132d30e2aac9,,none,False,none,unclear,No person visible in the image.,away
train/away/away_p32400152.jpg,train,img_1330f9b909a8,,none,True,none,unclear,No person visible in the frame to assess attention.,away
train/away/rafast_chair_00035.jpg,train,img_138dcdf851b1,,none,True,none,unclear,Image contains only an empty office chair.,away
train/away/away_p3767172.jpg,train,img_13b8556da95f,,none,True,none,unclear,"Empty conference room with table and chairs, no person visible.",away
train/away/away_p8167317.jpg,train,img_13c762a260cc,,none,True,idle,unclear,No person visible. Phone is idle on desk.,away
train/at_desk/at_desk_p5905557.jpg,train,img_13f746b5767c,unfocused,face_or_body,True,none,elsewhere,"Students raising hands and looking at teacher, not at desk materials.",at_desk
train/away/away_p6721313.jpg,train,img_141a4e209696,,none,True,none,unclear,"Laptop open on white desk, monitor in background, no person visible",away
train/at_desk/at_desk_008.jpg,train,img_141da765023f,focused,face_or_body,True,none,work,Student looking at laptop screen during video call.,at_desk
train/at_desk/main_at_desk_746bcf4b870c.jpg,train,img_141da765023f,focused,face_or_body,True,none,work,Student is looking at laptop screen during video call.,at_desk
train/uncertain/uncertain_syn_very_dark.jpg,train,img_141da765023f,focused,face_or_body,True,none,work,"Student facing laptop screen, hand poised over notebook on desk.",uncertain
train/away/away_p37241150.jpg,train,img_1436b2c47b24,,none,False,none,unclear,"Empty office hallway, no person visible.",away
train/away/away_p37241151.jpg,train,img_1436b2c47b24,,none,False,none,unclear,"Empty hallway, no person visible to classify.",away
eval/distracted/distracted_107.jpg,eval,img_143ac502cf1c,phone,hands_only,True,in_use,phone,Hand holding phone over desk with keyboard and notebook.,distracted
train/at_desk/at_desk_p8199558.jpg,train,img_1455349b8bfa,unfocused,face_or_body,True,idle,elsewhere,Student looks at another person; phone idle on desk.,at_desk
eval/away/away_p5483233.jpg,eval,img_1456e8ea58d2,,none,True,none,unclear,Empty office space with no people visible.,away
train/distracted/distracted_303.jpg,train,img_145e7a5f65a2,phone,face_or_body,True,in_use,elsewhere,"Person on phone, not looking at laptop.",distracted
train/distracted/distracted_160.jpg,train,img_14817f1caba7,phone,face_or_body,False,in_use,phone,Student standing and looking at phone with backpack on.,distracted
train/distracted/distracted_298.jpg,train,img_14b9503cccea,phone,hands_only,True,in_use,phone,"Person using smartphone at desk, likely distracted.",distracted
train/at_desk/at_desk_p35754341.jpg,train,img_14e1e8f730ff,focused,face_or_body,True,none,work,Student using laptop and tablet with stylus.,at_desk
train/uncertain/main_uncertain_ca037ac05a23.jpg,train,img_14e1e8f730ff,focused,face_or_body,True,none,work,Student focused on tablet and laptop in dim lighting.,uncertain
train/distracted/distracted_286.jpg,train,img_1513b0840b40,phone,face_or_body,True,in_use,phone,Student is holding and looking at phone in front of computer monitors.,distracted
train/at_desk/at_desk_p9301503.jpg,train,img_1517ba3f50de,unfocused,face_or_body,True,none,elsewhere,Man looking down at laptop with hand on forehead.,at_desk
train/at_desk/main_at_desk_c8a93a70b53b.jpg,train,img_156becf247cc,focused,face_or_body,False,none,work,Man inspecting debris outdoors with a tablet device.,at_desk
eval/at_desk/at_desk_012.jpg,eval,img_15a0c502aa75,focused,face_or_body,True,none,work,"Student looking at monitor, adult standing behind.",at_desk
eval/at_desk/main_at_desk_a0fd75510d7b.jpg,eval,img_15a0c502aa75,focused,face_or_body,True,none,work,Student focused on computer screen with adult standing behind.,at_desk
train/away/away_p6683407.jpg,train,img_15b5df50fbc1,,none,True,none,unclear,No person visible in the image.,away
train/away/rafast_chair_00052.jpg,train,img_1666323c402f,,none,False,none,unclear,"Image shows an empty chair, no student visible.",away
eval/away/away_018.jpg,eval,img_16792e1bc0db,,none,True,none,unclear,No person is visible in the image.,away
train/away/main_away_b3bb17853ffa.jpg,eval,img_16792e1bc0db,,none,True,none,unclear,No person visible in the workspace.,away
train/away/away_p6372950.jpg,train,img_169bdc836782,,none,True,none,unclear,"Empty workspace with open laptop, no person visible.",away
train/distracted/distracted_122.jpg,train,img_16a2dbb20494,phone,hands_only,True,in_use,phone,Hands holding and using phone over laptop.,distracted
train/at_desk/main_at_desk_2f62b67cfe09.jpg,train,img_16aa0f96c224,unfocused,face_or_body,True,idle,elsewhere,"Person is in the background, not at the desk.",at_desk
train/at_desk/at_desk_p5553731.jpg,train,img_16b19af9282a,focused,face_or_body,True,none,work,"Student using laptop, focused on screen.",at_desk
train/away/away_p6368790.jpg,train,img_16c3cf4cd4d7,,none,True,none,unclear,No person is visible in the image.,away
train/at_desk/at_desk_p8640287.jpg,train,img_16caa53ce562,,hands_only,True,none,work,Student typing on laptop with pencil and open books.,at_desk
train/away/rafast_chair_00066.jpg,train,img_1709773bb2f0,,none,False,none,unclear,"Image contains no person, only a chair.",away
train/away/rafast_chair_00073.jpg,train,img_173946fe114a,,none,False,none,unclear,No person visible in the image.,away
train/away/away_p5686368.jpg,train,img_1745421938fd,,none,True,none,unclear,No person visible; abandoned workspace.,away
eval/uncertain/fixture_covered.jpg,eval,img_175fbb9d1fcf,,none,False,none,unclear,"Image is completely black, no visual information available.",uncertain
eval/uncertain/main_uncertain_aa9654253802.jpg,eval,img_175fbb9d1fcf,,none,False,none,unclear,"Image is completely black, no visual data available.",uncertain
eval/uncertain/uncertain_syn_covered_black.jpg,eval,img_175fbb9d1fcf,,none,False,none,unclear,Image is completely black; no visual content available.,uncertain
eval/uncertain/uncertain_syn_covered_handtone.jpg,eval,img_175fbb9d1fcf,,none,False,none,unclear,Image is a solid color; no content visible.,uncertain
train/distracted/distracted_340.jpg,eval,img_175fbb9d1fcf,,none,False,none,unclear,Scenic photo of a bridge at sunset; no person or workspace visible.,distracted
train/uncertain/main_uncertain_2ca1a3729c56.jpg,eval,img_175fbb9d1fcf,,none,False,none,unclear,"Image is a solid color, no content visible.",uncertain
train/uncertain/main_uncertain_7e94596f0273.jpg,eval,img_175fbb9d1fcf,,none,False,none,unclear,Image is completely black; no visual data available.,uncertain
train/uncertain/main_uncertain_8ce8cdd59f29.jpg,eval,img_175fbb9d1fcf,,none,False,none,unclear,Image is completely black; no visual information available.,uncertain
train/uncertain/main_uncertain_bb170a7001a9.jpg,eval,img_175fbb9d1fcf,,none,False,none,unclear,Image is completely black; no visual information available.,uncertain
train/uncertain/main_uncertain_c3bf3285308c.jpg,eval,img_175fbb9d1fcf,,none,False,none,unclear,Image is a solid color with no visible content.,uncertain
train/uncertain/main_uncertain_c6b46a34554f.jpg,eval,img_175fbb9d1fcf,,none,False,none,unclear,No person visible; uniform background.,uncertain
train/uncertain/main_uncertain_dabf754ff268.jpg,eval,img_175fbb9d1fcf,,none,False,none,unclear,Image is a solid color with no visible content.,uncertain
train/uncertain/main_uncertain_e4997a79c27e.jpg,eval,img_175fbb9d1fcf,,none,False,none,unclear,Image is a solid color with no content.,uncertain
train/uncertain/uncertain_syn_cover_gray.jpg,eval,img_175fbb9d1fcf,,none,False,none,unclear,The image is completely black; no visual information is present.,uncertain
eval/at_desk/at_desk_p7654131.jpg,eval,img_17d7f09adeaf,focused,face_or_body,True,none,work,Woman using calculator at desk with laptop and cash.,at_desk
train/distracted/distracted_282.jpg,train,img_17de09e4cc99,phone,face_or_body,True,in_use,phone,Student looking at phone while seated at desk with open materials.,distracted
eval/distracted/distracted_052.jpg,eval,img_18294b611865,phone,face_or_body,True,in_use,phone,"Person holding phone with illustrated speech bubbles, likely distracted.",distracted
train/away/away_p8423430.jpg,train,img_182e0ca2c6c4,,none,True,none,unclear,"Empty classroom with desks, no person visible.",away
train/at_desk/at_desk_p6588437.jpg,train,img_18528799d100,,hands_only,True,none,work,"Hands typing on laptop keyboard, focused on work.",at_desk
eval/at_desk/at_desk_p5647198.jpg,eval,img_18540e40b952,focused,face_or_body,True,none,work,Man looking at laptop screen while seated at table.,at_desk
eval/uncertain/main_uncertain_981809dcc78e.jpg,eval,img_185811f5a9ed,focused,face_or_body,True,none,work,Student looking at laptop screen.,uncertain
train/at_desk/at_desk_p5588217.jpg,eval,img_185811f5a9ed,focused,face_or_body,True,none,work,Person looking intently at laptop screen.,at_desk
train/distracted/main_distracted_8d7a975ed0d9.jpg,train,img_189c9553c71a,focused,face_or_body,True,none,work,Student is looking at the laptop screen.,distracted
eval/away/away_017.jpg,eval,img_18a58a774696,focused,face_or_body,True,none,work,"Wide office shot, multiple people seated at desks working.",away
eval/away/main_away_8efac9cb63b5.jpg,eval,img_18a58a774696,focused,face_or_body,True,none,work,Students seated at desks working on computers in open office.,away
train/at_desk/main_at_desk_8dd2b3d9668d.jpg,train,img_18b607ecb57c,phone,hands_only,True,in_use,phone,"Hands holding phone, looking at screen.",at_desk
eval/distracted/distracted_027.jpg,eval,img_18cff10e257b,phone,face_or_body,False,in_use,phone,Man crouching outdoors arranging many mobile phones on the ground.,distracted
train/at_desk/at_desk_p1251840.jpg,train,img_18fa3c8b6024,focused,face_or_body,True,idle,work,Person looking at laptop with phone on side table.,at_desk
eval/away/away_p7652541.jpg,eval,img_19469439b747,,none,True,none,unclear,Empty desk with laptop; no person visible.,away
train/at_desk/at_desk_p19895883.jpg,train,img_196e1846322e,focused,face_or_body,True,none,work,Student focused on laptop screen at desk.,at_desk
eval/distracted/distracted_368.jpg,eval,img_19f9e5bb6a1b,unfocused,face_or_body,True,idle,elsewhere,"Woman looking away from screen, not focused on work.",distracted
train/uncertain/main_uncertain_d0dcb3cda9cb.jpg,train,img_1a5a2b953344,focused,face_or_body,True,none,work,Student seated at desk focused on computer monitor.,uncertain
eval/uncertain/uncertain_001.jpg,eval,img_1a64f0a368c6,,none,False,none,unclear,"No person visible, only a lightbulb in a thought bubble.",uncertain
train/at_desk/main_at_desk_ec1f354dcdbb.jpg,train,img_1a94c5fd39b0,,none,False,none,unclear,Image shows bookshelves in a library with no person visible.,at_desk
train/distracted/distracted_382.jpg,train,img_1a99c53dee44,phone,face_or_body,True,in_use,phone,Woman at desk looking at smartphone.,distracted
train/away/rafast_chair_00077.jpg,train,img_1acbba34c1f6,,none,False,none,unclear,"Image contains only an empty brown armchair; no person, workspace, or phone visible.",away
train/at_desk/at_desk_p6517102.jpg,train,img_1ace8b049bbe,focused,face_or_body,True,idle,work,Standing student focused on laptop screen.,at_desk
train/away/away_p9062526.jpg,train,img_1ad240c61732,,none,False,none,unclear,Image shows an empty dental chair and equipment.,away
train/away/away_p6968093.jpg,train,img_1add8de6907a,,none,True,none,unclear,Laptop is open but no person is visible in the frame.,away
train/at_desk/main_at_desk_bc387b9a1dad.jpg,train,img_1b3f1eae6c6d,unfocused,face_or_body,True,idle,elsewhere,"Woman at conference table looking at colleagues, phone idle on desk.",at_desk
train/distracted/distracted_088.jpg,train,img_1b405d7f6703,,none,True,idle,unclear,No person visible; phone idle on laptop.,distracted
train/away/away_009.jpg,train,img_1b93b3a6684b,,none,False,none,unclear,No person visible in the image.,away
eval/away/away_p18132311.jpg,eval,img_1b970afb8a70,,none,False,none,unclear,Empty room with no person or workspace visible.,away
train/away/away_p12866948.jpg,train,img_1bae765c6f2d,,none,True,none,unclear,"Empty office with desks, chairs, and a laptop.",away
train/at_desk/at_desk_p8199625.jpg,train,img_1bd5374e11be,,face_or_body,False,none,elsewhere,"Students standing in library, not at a desk.",at_desk
train/distracted/distracted_004.jpg,train,img_1bdf224c35b0,phone,face_or_body,True,in_use,phone,"Student holding phone with both hands, looking at screen.",distracted
train/distracted/main_distracted_0ba80ecf5066.jpg,train,img_1bdf224c35b0,phone,face_or_body,True,in_use,phone,Student holding and looking at phone over desk.,distracted
train/distracted/distracted_342.jpg,train,img_1beafe350081,phone,face_or_body,True,in_use,phone,Student looking at phone while surrounded by books.,distracted
train/uncertain/main_uncertain_8927f37698d2.jpg,train,img_1c110f824e0a,,face_or_body,True,none,unclear,"Extremely dark; person silhouette at desk, attention indeterminable.",uncertain
eval/at_desk/main_at_desk_9a1c049b02e7.jpg,eval,img_1c254247344d,,face_or_body,False,none,elsewhere,"Person sitting on floor holding microphone, looking away.",at_desk
train/distracted/distracted_320.jpg,train,img_1c31237f1184,phone,face_or_body,True,in_use,phone,Student is looking at and holding a phone.,distracted
eval/away/away_p26966416.jpg,eval,img_1c3fe6eaee3d,,none,True,none,unclear,Empty workspace with no person visible.,away
train/distracted/distracted_009.jpg,train,img_1c9ab5fb7c85,,face_or_body,False,none,elsewhere,"Person sitting on floor reading a book, not at a desk.",distracted
train/distracted/main_distracted_4db257de178c.jpg,train,img_1c9ab5fb7c85,,face_or_body,False,none,unclear,"Person sitting on floor, no desk or work materials visible.",distracted
train/away/away_p5076537.jpg,train,img_1cd14e974291,,none,True,none,unclear,No person visible. Laptop and notebook present.,away
train/distracted/distracted_011.jpg,train,img_1cdf7f99d2cb,,none,True,idle,unclear,Phones are idle on a desk surface.,distracted
train/away/away_p12899110.jpg,train,img_1d04a5a21c5a,,none,True,none,unclear,Empty workspace with no person visible.,away
train/at_desk/at_desk_p8054852.jpg,train,img_1d1df8807642,focused,face_or_body,True,none,work,Student writing in a book with a pen.,at_desk
train/at_desk/main_at_desk_e4250778ff53.jpg,train,img_1d2da0b85da5,,face_or_body,True,none,camera,Person posing with thumbs up near laptop outdoors.,at_desk
eval/at_desk/at_desk_p7856650.jpg,eval,img_1d444540ee13,focused,face_or_body,True,none,work,Student looking at laptop screen while holding a notebook.,at_desk
train/at_desk/main_at_desk_2fe6afe99bca.jpg,train,img_1d70d2653c14,,none,True,none,unclear,No person visible in the frame.,at_desk
train/distracted/distracted_003.jpg,train,img_1d8a751b454d,,hands_only,True,none,work,"Hands typing on laptop keyboard, indicating focus on work.",distracted
train/distracted/main_distracted_fd3e7b64ee8b.jpg,train,img_1d8a751b454d,,hands_only,True,none,work,Hands typing on laptop keyboard at a desk.,distracted
train/at_desk/main_at_desk_323de48aa6a2.jpg,train,img_1daa4bffb9da,,none,False,none,unclear,"Empty classroom with desks and chairs, no people present.",at_desk
train/uncertain/main_uncertain_caebfa1ac38a.jpg,train,img_1daa4bffb9da,,none,False,none,unclear,Image is too blurry to identify any objects or people.,uncertain
train/at_desk/at_desk_p8055471.jpg,train,img_1df7791cbc19,focused,face_or_body,True,none,work,"Student focused on tablet, writing in notebook.",at_desk
eval/distracted/distracted_017.jpg,eval,img_1e1909137cc0,unfocused,face_or_body,True,none,elsewhere,"Student wearing VR headset, engaged in virtual activity at desk.",distracted
eval/distracted/main_distracted_7907200007f4.jpg,eval,img_1e1909137cc0,unfocused,face_or_body,True,none,elsewhere,"Student wearing VR headset, not looking at desk materials.",distracted
train/at_desk/at_desk_p7120900.jpg,train,img_1e5567094bb5,phone,face_or_body,True,in_use,phone,"Person holding phone, looking away from laptop screen.",at_desk
train/at_desk/at_desk_004.jpg,train,img_1e5dedcbdbcf,,hands_only,True,none,work,Group of hands reviewing documents on a desk.,at_desk
train/at_desk/main_at_desk_a2fde40ec375.jpg,train,img_1e5dedcbdbcf,,hands_only,True,none,work,Multiple hands visible analyzing charts and graphs on a desk.,at_desk
train/away/away_p6372883.jpg,train,img_1e627b73519b,,none,True,none,unclear,Empty workspace with open laptop and book.,away
train/distracted/distracted_285.jpg,train,img_1e777b43f0ac,,hands_only,True,idle,work,"Person writing on paper, phone is on the desk.",distracted
train/away/away_p36834057.jpg,train,img_1eb7df15df3c,,none,False,none,unclear,"Empty lecture hall, no person visible for classification.",away
train/at_desk/at_desk_p9159076.jpg,train,img_1ee6246b9dea,focused,face_or_body,True,none,work,Students working on laptops at tables.,at_desk
train/away/away_010.jpg,train,img_1eee1f97fcdb,,none,False,none,unclear,No person visible in the image.,away
train/away/main_away_c152f84a596f.jpg,train,img_1efa4036a167,unfocused,face_or_body,True,none,elsewhere,"Person seated at desk, looking away at others.",away
train/at_desk/at_desk_p530024.jpg,train,img_1f0d87193288,,hands_only,True,idle,work,"Writing in notebook, laptop open nearby.",at_desk
train/distracted/distracted_391.jpg,train,img_1f293830b3e3,phone,hands_only,True,in_use,phone,"Hand holding phone over clipboard, clearly distracted.",distracted
train/distracted/main_distracted_5ecb573402a7.jpg,train,img_1f7b31369f91,phone,face_or_body,True,in_use,phone,Person in uniform using phone to photograph another person handling a rifle.,distracted
train/at_desk/main_at_desk_2faffe58498e.jpg,train,img_1f89259a7c1a,,none,True,none,unclear,"Empty office space, no person visible to judge.",at_desk
train/at_desk/main_at_desk_b290d0996fd3.jpg,train,img_1f89259a7c1a,,none,True,none,unclear,Empty office space with desks and chairs visible.,at_desk
train/uncertain/main_uncertain_0acfcb670713.jpg,train,img_1f89259a7c1a,,none,True,none,unclear,Empty office panorama with desks and computers; no people visible.,uncertain
train/at_desk/at_desk_p4050464.jpg,train,img_1f98cc961203,focused,face_or_body,True,none,work,"Person is typing at a computer, looking at the monitor.",at_desk
train/away/away_p39125968.jpg,train,img_1fa2d1cf99c0,,none,False,none,unclear,No person visible in the image.,away
train/distracted/main_distracted_ed900207df58.jpg,train,img_1ffec3e2bd8a,phone,hands_only,False,in_use,phone,"Person holding a phone and cash, not at a desk.",distracted
train/at_desk/at_desk_p5537938.jpg,train,img_2061b09e0973,focused,face_or_body,True,none,work,"Two students studying; one writing, one using laptop.",at_desk
train/distracted/distracted_206.jpg,train,img_20999f5ce30a,unfocused,face_or_body,True,none,elsewhere,"Students at desks looking toward instructor, not at laptops.",distracted
train/at_desk/at_desk_p5554303.jpg,train,img_20cf1976d92e,,face_or_body,False,none,elsewhere,"Students walking outdoors, not at a desk.",at_desk
train/away/away_p12624310.jpg,train,img_20d97798377a,,none,True,none,unclear,Empty study area with bookshelves and chairs.,away
train/away/away_p5824540.jpg,train,img_20e11f49ac3f,,none,True,none,unclear,No person is visible in the frame.,away
eval/at_desk/at_desk_p8124421.jpg,eval,img_2101aba96b22,focused,face_or_body,True,none,work,Man drinking coffee while looking at laptop.,at_desk
train/distracted/distracted_359.jpg,train,img_212be8b89797,phone,face_or_body,True,in_use,phone,Person is holding and looking at their phone.,distracted
train/at_desk/at_desk_p5537937.jpg,train,img_2147cad50a06,focused,face_or_body,True,none,work,Student typing on laptop with notebook nearby.,at_desk
train/away/main_away_2576be229ddb.jpg,train,img_21648e092504,focused,face_or_body,False,none,work,"Classical painting of Annunciation; Mary reads book, not a student.",away
train/away/main_away_6665b9ba8754.jpg,train,img_21648e092504,,face_or_body,False,none,elsewhere,"Classical painting of angel and woman, not a student workspace.",away
train/at_desk/at_desk_p5530440.jpg,train,img_217918329516,focused,face_or_body,True,none,work,Student looking at monitor in computer lab.,at_desk
train/at_desk/main_at_desk_4b72f192b36d.jpg,train,img_2179ea288b59,focused,face_or_body,True,none,work,Man focused on laptop screen at desk.,at_desk
train/distracted/distracted_258.jpg,train,img_21cd8c39510e,phone,face_or_body,True,in_use,phone,"Student holding phone, looking at screen, laptop open.",distracted
train/distracted/main_distracted_f89a32556917.jpg,train,img_21cf8df573a5,phone,face_or_body,True,in_use,phone,Student looking at a smartphone held by another person.,distracted
train/at_desk/main_at_desk_7c50c9355b83.jpg,train,img_21d51b251e46,,none,True,idle,unclear,"No person visible, phone and laptop present on camouflage surface.",at_desk
eval/away/main_away_370fc8c8108d.jpg,eval,img_224c91558986,,none,False,none,unclear,"Image shows a toilet, not a student at a desk.",away
eval/distracted/distracted_141.jpg,eval,img_22807b604e65,phone,hands_only,True,in_use,phone,Hand holding phone with white screen over laptop.,distracted
eval/distracted/main_distracted_0ab8f060ed46.jpg,eval,img_22c6eb46d4ec,phone,hands_only,True,in_use,phone,Person holding and looking at smartphone over a notebook.,distracted
eval/away/rafast_chair_00091.jpg,eval,img_22d93c13fa7b,,none,True,none,unclear,"No person visible in the image, just an empty office chair.",away
train/away/rafast_chair_00044.jpg,eval,img_22d93c13fa7b,,none,False,none,unclear,"Image shows an empty chair, no person visible.",away
train/at_desk/at_desk_p5699845.jpg,train,img_22dd474acf8a,focused,face_or_body,True,none,work,Student is looking at the laptop screen.,at_desk
train/uncertain/main_uncertain_cf69d94846f1.jpg,train,img_22dd474acf8a,focused,face_or_body,True,none,work,"Person seated at desk facing laptop, image heavily blurred.",uncertain
train/away/away_p8872588.jpg,train,img_2323cdaf9e00,,none,True,none,unclear,"Empty vintage office desk, no person visible.",away
train/at_desk/at_desk_p6958509.jpg,train,img_236a46a0b14b,focused,face_or_body,True,none,work,Student writing in notebook while wearing headphones.,at_desk
train/at_desk/main_at_desk_6e2bf9d944b0.jpg,train,img_2379837e304c,,hands_only,True,none,work,"Hands typing on laptop keyboard, screen is black.",at_desk
train/away/away_p6044836.jpg,train,img_23aa2cb78952,,none,True,none,unclear,No person is visible in the image.,away
eval/distracted/distracted_016.jpg,eval,img_23c262b6b476,,face_or_body,True,none,camera,"Student holding tablet, smiling at camera.",distracted
train/distracted/main_distracted_1e64f9e172a9.jpg,eval,img_23c262b6b476,,face_or_body,True,none,camera,Student smiling at camera holding a tablet.,distracted
train/distracted/distracted_155.jpg,train,img_23e0215391ba,focused,face_or_body,False,idle,work,"Person using laptop on bed, phone nearby.",distracted
eval/away/away_012.jpg,eval,img_241a99e4bb96,unfocused,face_or_body,True,none,elsewhere,"Person sitting at desk, looking at another person.",away
train/at_desk/at_desk_p17767271.jpg,train,img_2452b12f0d40,focused,face_or_body,True,none,work,Man looking at laptop with stickers while camping.,at_desk
train/away/away_p5389619.jpg,train,img_24588686531e,,none,False,none,unclear,"Image shows stage spotlights, no person or workspace visible.",away
train/at_desk/main_at_desk_62c91b75ffe7.jpg,train,img_24f82a809be3,,none,True,none,unclear,No person visible; cluttered desk with many laptops and electronics.,at_desk
train/distracted/distracted_383.jpg,train,img_251f4a950017,phone,face_or_body,True,in_use,phone,"Student sitting at table, looking down at phone.",distracted
train/at_desk/main_at_desk_05d895ae0553.jpg,train,img_25887801a9a1,,none,False,none,unclear,"No person visible, image is of library aisles.",at_desk
train/away/away_p13323673.jpg,train,img_259705deb35a,,none,True,none,unclear,"No person visible, workspace is set up.",away
train/away/away_p12278556.jpg,train,img_25e19a861ef8,,none,True,none,unclear,No person is visible in the image.,away
train/away/rafast_chair_00008.jpg,train,img_265d6763d6a7,,none,False,none,unclear,"Image contains only an office chair, no person visible.",away
train/away/main_away_328e152fe010.jpg,train,img_266d28b4a7b5,,face_or_body,False,none,elsewhere,"Man waving at a conference, not at a desk.",away
train/away/away_p8453806.jpg,train,img_267397fcc418,,none,False,none,unclear,"Empty room with chairs, table, and laptop; no person present.",away
train/distracted/distracted_127.jpg,train,img_268128c6d9d9,phone,hands_only,True,in_use,phone,"Hand holding phone over laptop, interacting with screen.",distracted
train/distracted/distracted_355.jpg,train,img_26b9451f5e6c,phone,face_or_body,True,in_use,elsewhere,"Student is on a phone call, looking away from the laptop.",distracted
train/away/away_p30921802.jpg,train,img_26f3f85fda29,,none,False,none,unclear,Empty classroom with no people visible.,away
eval/distracted/distracted_068.jpg,eval,img_270e18a16d40,,none,True,none,unclear,"Empty workspace, no person visible.",distracted
train/away/rafast_chair_00054.jpg,train,img_270fd4f01e81,,none,False,none,unclear,"Image shows an inflatable chair, no person visible.",away
train/away/rafast_chair_00055.jpg,train,img_270fd4f01e81,,none,False,none,unclear,"Image shows an inflatable chair, no person visible.",away
train/at_desk/main_at_desk_c70ea29bf938.jpg,train,img_272a6705e8a9,,none,False,none,unclear,No person visible in image.,at_desk
train/distracted/main_distracted_afc28d1b188d.jpg,train,img_273765ae3630,phone,face_or_body,False,in_use,phone,Man taking photo of parade float with phone.,distracted
train/distracted/distracted_361.jpg,train,img_2789e1c5a4f6,phone,face_or_body,True,in_use,phone,"Woman on phone call, looking away from laptop screen.",distracted
train/distracted/distracted_322.jpg,train,img_279b31cc2fee,phone,face_or_body,True,in_use,elsewhere,"Student talking on phone, not focused on work.",distracted
train/away/main_away_590089f1217d.jpg,train,img_27ccc716305a,,face_or_body,False,none,elsewhere,"Group at an outdoor ceremony, not at a desk workspace.",away
train/distracted/distracted_233.jpg,train,img_2874d64e7500,phone,hands_only,True,in_use,phone,"Hands holding phone over laptop, screen off.",distracted
train/uncertain/main_uncertain_fc156b4389b3.jpg,train,img_28826c2d8c4e,unfocused,face_or_body,True,none,elsewhere,"Man standing behind office chair, leaning on it, looking down and away from desk.",uncertain
train/at_desk/at_desk_p5905719.jpg,train,img_288e1128578f,focused,face_or_body,True,none,work,Student looking at laptop screen during video call.,at_desk
train/uncertain/main_uncertain_edbe6e41a09e.jpg,train,img_28d1e6b772b1,focused,face_or_body,True,none,work,"Person seated, looking down at materials on low table.",uncertain
train/distracted/distracted_250.jpg,train,img_28d372c35adb,phone,face_or_body,True,in_use,phone,"Student holding phone horizontally, looking at screen.",distracted
train/at_desk/at_desk_p4443159.jpg,train,img_28e44bba67e2,focused,face_or_body,True,none,work,Student writing on tablet while sitting on floor.,at_desk
train/uncertain/main_uncertain_30041e0a24b4.jpg,train,img_28e44bba67e2,,face_or_body,False,idle,unclear,"Blurred image: person reclining, laptop and idle phones visible; attention indeterminate.",uncertain
train/distracted/distracted_083.jpg,train,img_290c4ff3d452,phone,face_or_body,True,in_use,phone,Woman at desk looking at and using her phone.,distracted
train/distracted/distracted_067.jpg,train,img_293d78e42fe9,phone,hands_only,False,in_use,phone,Hands interacting with a smartphone screen.,distracted
train/away/main_away_2ee6493d1217.jpg,train,img_296118d40d7f,,none,True,none,unclear,"Empty classroom with desks and chairs, no people visible.",away
train/distracted/main_distracted_9cb859b76826.jpg,train,img_29659b898ce6,,face_or_body,False,none,camera,"Group photo outside auditorium, no desk or workspace.",distracted
eval/at_desk/main_at_desk_861efda9ea3b.jpg,eval,img_2985b6a288ad,unfocused,face_or_body,True,none,elsewhere,"Student looking at a presenter, not their own desk work.",at_desk
train/at_desk/at_desk_p32933635.jpg,train,img_2a0f050518e6,,none,True,none,unclear,No person visible in the image to assess attention.,at_desk
train/uncertain/main_uncertain_fb5910f34436.jpg,train,img_2a0f050518e6,,none,True,none,unclear,"Empty desk with plants and chair, no person present.",uncertain
train/away/away_p38164329.jpg,train,img_2a22c53bc60b,,none,True,idle,unclear,No person visible. Phone sits idle on workspace.,away
eval/at_desk/at_desk_p3862599.jpg,eval,img_2a29a129a00f,focused,face_or_body,True,none,work,"Student is typing on a laptop, focused on the screen.",at_desk
eval/at_desk/main_at_desk_a189c687e2d7.jpg,eval,img_2a59ae600e29,,face_or_body,False,none,elsewhere,TEDx stage performance; audience member holds idle phone.,at_desk
train/away/away_p4172058.jpg,train,img_2aa2a03c82dc,,none,False,none,unclear,No person is visible in the image.,away
eval/away/away_p6985132.jpg,eval,img_2acbdf003678,,none,False,none,unclear,"Abstract image, no person visible.",away
train/at_desk/at_desk_p17767250.jpg,train,img_2b15e53c4f0c,focused,face_or_body,False,none,work,Person using laptop while sitting outside on a log.,at_desk
train/away/away_p12022943.jpg,train,img_2b485a796e85,,none,False,none,unclear,No person visible in the image.,away
train/at_desk/at_desk_p5896686.jpg,train,img_2b5b5d59f54d,unfocused,face_or_body,True,none,elsewhere,Student sitting on deck writing but looking away.,at_desk
train/distracted/distracted_291.jpg,train,img_2b8ec4909f02,phone,face_or_body,True,in_use,phone,Student looking at phone instead of laptop.,distracted
train/distracted/distracted_241.jpg,train,img_2bdcf018001b,phone,face_or_body,True,in_use,phone,"Person holding phone, looking at screen with laptop nearby.",distracted
train/distracted/distracted_287.jpg,train,img_2bf96057e09d,phone,face_or_body,True,in_use,phone,Person holding and looking at smartphone over desk.,distracted
train/at_desk/at_desk_p7580707.jpg,train,img_2c84b5bdc4e8,focused,face_or_body,True,none,work,Man in suit looking at computer monitor.,at_desk
train/away/main_away_34e471e0a9b9.jpg,train,img_2ca38154fd64,,none,False,none,unclear,"Image is an architectural drawing, no person visible.",away
train/away/away_p8761299.jpg,train,img_2cb16579d68a,,none,True,none,unclear,"Empty classroom, no person visible.",away
train/distracted/distracted_158.jpg,train,img_2d00827118c2,,none,False,none,unclear,Image is a landscape of a beach at sunset.,distracted
train/away/away_p6044925.jpg,train,img_2d30602aaadc,,none,True,idle,unclear,"Desk with books, computer, and idle phone; no person visible.",away
train/away/away_p39382019.jpg,train,img_2d3a44a4babc,,none,True,none,unclear,Empty classroom with desks and chairs.,away
train/at_desk/at_desk_p6912817.jpg,train,img_2dc9fb8920bb,focused,face_or_body,True,none,work,"Person sitting at desk facing laptop, back to camera.",at_desk
train/distracted/distracted_327.jpg,train,img_2dcb6ee4fc1d,focused,face_or_body,True,idle,work,"Woman looking at papers, phone on stand idle.",distracted
eval/at_desk/at_desk_p36706459.jpg,eval,img_2dd33d4a3ef3,focused,face_or_body,True,none,work,Person is typing and looking at dual monitors.,at_desk
train/away/away_p5483076.jpg,train,img_2de2fb7ec2bc,focused,face_or_body,True,none,work,Student looking down at desk surface.,away
train/distracted/distracted_136.jpg,train,img_2de9cde21026,phone,hands_only,True,in_use,phone,Student is holding and looking at a smartphone.,distracted
train/away/away_p28884394.jpg,train,img_2e5a65269091,,none,True,none,unclear,No person visible. Empty desk with a tablet.,away
train/uncertain/main_uncertain_03f8bdb3d235.jpg,train,img_2e7048c0e2b9,unfocused,face_or_body,True,none,elsewhere,"Person has head in hands, looking down away from work.",uncertain
train/away/away_p12662900.jpg,train,img_2e7935be60b8,,none,True,none,unclear,No person is visible in the image.,away
train/at_desk/at_desk_p3807755.jpg,train,img_2e8152da34dd,focused,face_or_body,True,none,work,Student is writing in a notebook.,at_desk
train/at_desk/at_desk_p7605814.jpg,train,img_2e868150faa2,focused,face_or_body,True,idle,work,Student focused on laptop with phone nearby.,at_desk
train/at_desk/main_at_desk_00fccf875616.jpg,train,img_2eafd7bb7086,focused,face_or_body,True,none,work,Student looking at laptop screen while typing.,at_desk
eval/uncertain/main_uncertain_2de3fe5509f9.jpg,eval,img_2ebe97ec7956,phone,face_or_body,True,in_use,phone,"Student in foreground using phone, seated in workspace.",uncertain
train/uncertain/main_uncertain_04b911d1013d.jpg,eval,img_2ebe97ec7956,unfocused,face_or_body,True,none,elsewhere,Student at desk looking at other people in room.,uncertain
train/uncertain/main_uncertain_634a82143f0f.jpg,eval,img_2ebe97ec7956,unfocused,face_or_body,True,none,elsewhere,Student at desk looking away at others in room.,uncertain
train/at_desk/at_desk_p7900680.jpg,train,img_2ec5e0d8398c,,face_or_body,False,none,elsewhere,"Person stretching on floor mat, not at a desk.",at_desk
eval/away/away_p9068384.jpg,eval,img_2ecbb46bfbea,,face_or_body,False,none,elsewhere,"Man in suit standing near empty desks, not seated at workspace.",away
eval/uncertain/main_uncertain_8e487be44620.jpg,eval,img_2ecd10d612a6,,face_or_body,False,none,elsewhere,Auditorium audience watching speaker; not a desk webcam scene.,uncertain
train/at_desk/main_at_desk_bfe4ffa86e52.jpg,eval,img_2ecd10d612a6,,face_or_body,False,none,elsewhere,Audience member looking at a speaker on stage.,at_desk
train/at_desk/main_at_desk_238e29e5d8b1.jpg,train,img_2ed14df085d2,,none,True,none,unclear,"Empty library room, no person visible.",at_desk
train/at_desk/at_desk_p18935828.jpg,train,img_2efd31d58815,focused,face_or_body,True,none,work,"Student typing on keyboard, looking at monitor.",at_desk
train/at_desk/main_at_desk_3cd3e1015b44.jpg,train,img_2f04729534a6,focused,face_or_body,True,none,work,"Men in military uniforms seated at a table, focused on laptops.",at_desk
train/at_desk/at_desk_p5530445.jpg,train,img_2f2e716fd52e,,face_or_body,True,none,camera,Student looking directly at the camera.,at_desk
train/away/rafast_chair_00070.jpg,train,img_2f400909c998,,none,False,none,unclear,"Image shows a red chair, no person or workspace visible.",away
eval/away/rafast_chair_00086.jpg,eval,img_2f6b64da50ed,,none,False,none,unclear,"Image shows an empty office chair, no person visible.",away
eval/uncertain/main_uncertain_01701c7c6234.jpg,eval,img_2f81640e0dfa,,face_or_body,True,none,unclear,"Image extremely blurry; attention, devices, and gaze unclear despite workspace presence.",uncertain
train/at_desk/main_at_desk_c4a4b4d423c1.jpg,eval,img_2f81640e0dfa,unfocused,face_or_body,True,none,elsewhere,"Two people talking, not looking at laptops.",at_desk
train/distracted/distracted_242.jpg,train,img_2f823796633e,phone,face_or_body,True,in_use,phone,Student is looking at phone while seated at desk.,distracted
train/away/away_p8408545.jpg,train,img_2f8e68102814,,none,True,none,unclear,"Empty workspace, no person present to judge.",away
train/away/away_p31016139.jpg,train,img_2f927f81034a,,none,True,none,unclear,"Empty classroom, no students visible to label.",away
train/at_desk/main_at_desk_287dbe48ad4c.jpg,train,img_2f9296ad3214,focused,face_or_body,True,idle,work,Student working at a desk with laptop and books.,at_desk
train/distracted/main_distracted_35993c0819bc.jpg,train,img_30c3d5d6b18b,phone,face_or_body,False,in_use,phone,"Person standing, holding and looking at phone.",distracted
train/away/away_p5793945.jpg,train,img_30d21e609f07,,none,True,none,unclear,No person visible to judge attention.,away
train/at_desk/at_desk_p37831090.jpg,train,img_30e79363c548,focused,face_or_body,True,none,work,Student looking at laptop screen.,at_desk
train/distracted/main_distracted_f73c540b502e.jpg,train,img_30fe11bf8dee,phone,face_or_body,False,in_use,phone,Group of students taking a selfie together.,distracted
train/distracted/distracted_418.jpg,train,img_31203f8d96a3,phone,face_or_body,True,in_use,phone,Woman looking at phone while sitting at desk with laptop.,distracted
train/distracted/distracted_409.jpg,train,img_312a8c1f23c6,phone,face_or_body,True,in_use,phone,"Student holding phone with both hands, looking down at screen.",distracted
train/away/away_p5076518.jpg,train,img_316c0bb882e5,,none,True,none,unclear,Empty desk with laptop and plants; no person present.,away
eval/at_desk/main_at_desk_37dee7ac2152.jpg,eval,img_317e5997cfbd,,face_or_body,False,none,elsewhere,"Person shaking hands, looking at the other person.",at_desk
train/away/away_p8533740.jpg,train,img_318142e65287,,none,True,none,unclear,"No person visible, workspace appears ready for use.",away
train/at_desk/main_at_desk_26f028071832.jpg,train,img_31920d2575d4,phone,face_or_body,True,in_use,phone,"Student on floor with laptop, actively using phone.",at_desk
train/uncertain/main_uncertain_4b98557bd39d.jpg,train,img_31b51902e954,,none,True,none,unclear,"No person visible. Dark image shows monitor, keyboard, and printer.",uncertain
train/at_desk/at_desk_p24023591.jpg,train,img_31c75fcb213a,,face_or_body,False,none,elsewhere,"Woman in row of chairs holding book, looking forward, not at work.",at_desk
train/distracted/main_distracted_e6c310070840.jpg,train,img_326a8b11a5c1,unfocused,face_or_body,True,idle,elsewhere,"Students in classroom, not looking at the camera or work.",distracted
eval/at_desk/at_desk_p7862493.jpg,eval,img_3289c0635bad,,none,True,none,unclear,"Empty desk setup with monitor and keyboard, no person visible.",at_desk
train/away/rafast_chair_00022.jpg,train,img_328c2b9a94d9,,none,False,none,unclear,"Image shows an empty chair, no person visible.",away
train/away/away_p34109327.jpg,train,img_32e5d72911aa,,none,True,none,unclear,"Empty workspace, no person visible.",away
train/at_desk/main_at_desk_d1cd6b3086f7.jpg,train,img_32f51ba50c77,focused,face_or_body,True,none,work,"Person typing on laptop, focused on work.",at_desk
train/at_desk/main_at_desk_d6379df1621c.jpg,train,img_32f51ba50c77,focused,face_or_body,True,none,work,Person working on laptop at a desk.,at_desk
train/at_desk/at_desk_p12663144.jpg,train,img_3303f035b6dc,focused,face_or_body,False,none,work,Student using laptop on a balcony overlooking the ocean.,at_desk
train/away/away_006.jpg,train,img_33068d0287eb,,none,False,none,unclear,No person visible in the image.,away
train/away/main_away_f362062ce286.jpg,train,img_33068d0287eb,,none,True,none,unclear,"Empty workspace, no person visible to judge attention.",away
train/at_desk/main_at_desk_9fd796c10670.jpg,train,img_330791dc7e11,focused,face_or_body,True,none,work,Student looking at monitor during video call.,at_desk
train/away/away_p8353764.jpg,train,img_331e38243f4b,,none,True,idle,unclear,No person visible; workspace set up with idle phone.,away
train/distracted/distracted_229.jpg,train,img_3345db6f2b29,phone,face_or_body,True,in_use,phone,Student looking at phone with others around.,distracted
train/at_desk/at_desk_p5934556.jpg,train,img_3371c47387d8,focused,face_or_body,True,none,work,Student writing at a desk with a laptop open.,at_desk
train/distracted/distracted_317.jpg,train,img_3388053b29a3,phone,face_or_body,True,in_use,phone,Student looking down at phone in hand.,distracted
train/distracted/distracted_306.jpg,train,img_338d2649ef3f,phone,face_or_body,True,in_use,phone,Woman looking at phone held in hand at desk.,distracted
train/away/rafast_chair_00009.jpg,train,img_33987c138dc5,,none,False,none,unclear,"Image shows an empty office chair, no person is visible.",away
train/away/away_p29625510.jpg,train,img_33c732a64263,,none,True,none,unclear,"Empty room with desks, no person visible.",away
eval/at_desk/at_desk_p9534649.jpg,eval,img_33e1e8899aab,,none,False,none,unclear,"Image shows a robot, not a student.",at_desk
train/distracted/distracted_100.jpg,train,img_33e790730edd,,none,True,idle,unclear,"No person visible, phone idle on desk.",distracted
train/at_desk/main_at_desk_b9b629e6b7a5.jpg,train,img_34057d896687,focused,face_or_body,True,none,work,Two students looking at a laptop screen together.,at_desk
train/uncertain/main_uncertain_c141fe56be9a.jpg,train,img_34057d896687,focused,face_or_body,True,none,work,Extremely dark; two students appear focused on laptop screen.,uncertain
train/away/main_away_c890557196f4.jpg,train,img_3430f90f6f24,,none,False,none,unclear,"Stack of books on floral fabric, no person visible.",away
eval/away/away_p39178044.jpg,eval,img_3433241b8b73,,none,True,none,unclear,"Empty room with computers, no person visible.",away
train/at_desk/at_desk_p5940715.jpg,train,img_34424aa0a3b0,focused,face_or_body,True,none,work,Student looking down at laptop screen.,at_desk
eval/at_desk/main_at_desk_65781f8b5321.jpg,eval,img_344b8aa52534,focused,face_or_body,True,none,work,Woman in green sweater focused on laptop at table.,at_desk
train/distracted/distracted_341.jpg,train,img_345dda625052,phone,hands_only,False,in_use,phone,"Person holding phone, taking photo of city view.",distracted
train/away/away_p8092507.jpg,train,img_34d940e8608b,,none,True,none,unclear,"Empty workspace with laptop and books, no person visible.",away
train/away/main_away_679011168d0e.jpg,train,img_3547860bf4de,focused,face_or_body,True,none,work,Student is typing on a laptop.,away
train/away/away_p35656174.jpg,train,img_354aa38cca5b,,none,False,none,unclear,"Empty classroom with desks, no person visible.",away
train/distracted/distracted_310.jpg,train,img_35992b1639a0,phone,face_or_body,True,in_use,elsewhere,"Student talking on phone, looking away from laptop.",distracted
train/distracted/distracted_378.jpg,train,img_35c947d99168,phone,face_or_body,True,in_use,phone,Student looking at phone while sitting at desk.,distracted
eval/distracted/distracted_075.jpg,eval,img_36499db28b7f,phone,face_or_body,True,in_use,phone,Man sitting at a table looking at his phone.,distracted
eval/away/away_p39224683.jpg,eval,img_36538064d895,,none,False,none,unclear,"Image shows a building exterior, no person or workspace.",away
train/uncertain/main_uncertain_6a6a6d3f9c32.jpg,train,img_3659d50dfd51,,hands_only,True,none,work,"Student is typing on laptop, glasses and notebook visible.",uncertain
eval/distracted/main_distracted_5e5888a3e8ea.jpg,eval,img_36600dd97dce,,face_or_body,False,none,elsewhere,Group of people sitting on stone steps near water.,distracted
eval/uncertain/main_uncertain_c85a127a6e5b.jpg,eval,img_366d95b52c3c,unfocused,face_or_body,True,none,elsewhere,"Woman looking at boy, both sitting at a table, heavily overexposed.",uncertain
train/away/away_p36812423.jpg,train,img_36945aa7a8ce,,none,True,none,unclear,No person is visible in the image.,away
eval/uncertain/uncertain_syn_noise.jpg,eval,img_3706a4c83049,,none,False,none,unclear,Image is static noise; no visible content to analyze.,uncertain
train/distracted/main_distracted_0973b51bdcee.jpg,train,img_370bb55335e0,focused,face_or_body,False,idle,work,"Person writing in notebook on floor, phone idle nearby.",distracted
train/at_desk/at_desk_p8197508.jpg,train,img_37133329b6f5,unfocused,face_or_body,True,idle,elsewhere,"Student resting head on hand, looking down.",at_desk
train/distracted/main_distracted_28cf2f5a8c29.jpg,train,img_3754569b26e2,phone,face_or_body,False,in_use,phone,Person holding and looking at smartphone.,distracted
eval/uncertain/main_uncertain_b83bcb05bdd7.jpg,eval,img_375bf6d56186,unfocused,face_or_body,True,none,elsewhere,Very dark image; person at desk appears to be interacting with another.,uncertain
train/uncertain/main_uncertain_24f1f3c226a3.jpg,eval,img_375bf6d56186,unfocused,face_or_body,True,none,elsewhere,"Person seated at desk, looking at another person; lighting is very dark.",uncertain
train/uncertain/main_uncertain_89cecdf94058.jpg,eval,img_375bf6d56186,,face_or_body,True,none,unclear,Person seated at desk; image too dark to determine gaze direction.,uncertain
train/uncertain/main_uncertain_8aaae7c1c070.jpg,eval,img_375bf6d56186,unfocused,face_or_body,True,none,elsewhere,"Person sitting at desk in dark room, facing another person.",uncertain
train/uncertain/main_uncertain_98ac67854090.jpg,eval,img_375bf6d56186,,face_or_body,True,none,unclear,Image is too dark to determine attention or phone usage clearly.,uncertain
train/uncertain/main_uncertain_fd266cdffcbf.jpg,eval,img_375bf6d56186,,face_or_body,True,none,unclear,"Very dark image; person seated at desk, gaze indeterminable.",uncertain
train/distracted/distracted_290.jpg,train,img_37788f72bbb8,phone,face_or_body,True,in_use,phone,Woman talking on phone while sitting at laptop.,distracted
eval/at_desk/at_desk_p340152.jpg,eval,img_3784e439ce56,focused,face_or_body,True,none,work,"Person wearing headphones, looking at computer screen.",at_desk
train/at_desk/at_desk_p7654506.jpg,train,img_37e40e528733,focused,face_or_body,True,none,work,Woman focused on laptop screen.,at_desk
train/at_desk/at_desk_p5941786.jpg,train,img_38005cd94630,,hands_only,False,none,work,Person typing on laptop while relaxing on a couch.,at_desk
train/at_desk/at_desk_p4050220.jpg,train,img_381395981da8,focused,face_or_body,True,none,work,Student is typing on a laptop at a table.,at_desk
train/uncertain/main_uncertain_05bd087e229a.jpg,train,img_381395981da8,focused,face_or_body,True,none,work,Blurry image of student working on laptop at a white desk.,uncertain
train/away/away_p5483051.jpg,train,img_3819f0eb29f8,,none,True,none,unclear,No person visible in the image.,away
train/at_desk/main_at_desk_f4fa2a7a2714.jpg,train,img_382706ebe358,,hands_only,True,none,work,"Person holding cup, laptop screen is open and visible.",at_desk
train/away/main_away_759d3d54e36c.jpg,train,img_384b0b287b65,unfocused,face_or_body,True,none,elsewhere,"Person seated at desk, head down, looking away from work.",away
train/at_desk/at_desk_000.jpg,train,img_386bb4008bf8,focused,face_or_body,True,none,work,Student facing monitor with video call active.,at_desk
train/at_desk/main_at_desk_945938e3d94f.jpg,train,img_386bb4008bf8,focused,face_or_body,True,none,work,Student is looking at the computer monitor.,at_desk
eval/distracted/distracted_039.jpg,eval,img_387abb062b77,focused,face_or_body,True,none,work,Man focused on repairing items at cluttered outdoor workbench.,distracted
train/at_desk/main_at_desk_a773eee51863.jpg,train,img_389651207d16,focused,face_or_body,False,none,work,"Illustration of person on beach using laptop, not at a desk.",at_desk
train/at_desk/at_desk_p4144927.jpg,train,img_392c8a8ee963,focused,face_or_body,True,none,work,Student writing in notebook at desk.,at_desk
train/uncertain/main_uncertain_88f1a6aa29b5.jpg,train,img_392c8a8ee963,focused,face_or_body,True,none,work,Student writing in notebook at desk.,uncertain
eval/away/away_p7071.jpg,eval,img_3946936e7acb,,none,True,none,unclear,"Empty classroom with desks and chairs, no students visible.",away
train/at_desk/main_at_desk_d0f01925bcb2.jpg,train,img_394e04078bf9,,face_or_body,True,none,unclear,Person using stethoscope on motherboard; screwdriver and notebook nearby.,at_desk
train/at_desk/at_desk_p7794041.jpg,train,img_398eb605f457,unfocused,face_or_body,True,none,elsewhere,Woman smiling while looking away from screen.,at_desk
train/away/away_p140945.jpg,train,img_39920d3614fd,focused,face_or_body,True,idle,work,"Student viewed from above, writing on papers at desk.",away
train/at_desk/main_at_desk_9ddbbeda441b.jpg,train,img_39e2b3ed26d6,focused,face_or_body,True,none,work,Man in red jacket focused on laptop screen.,at_desk
train/at_desk/at_desk_p5530438.jpg,train,img_39f53002547e,focused,face_or_body,True,none,work,Student looking at computer monitor in classroom.,at_desk
train/away/rafast_chair_00043.jpg,train,img_3a0b0c0c0901,,none,False,none,unclear,"Empty office chair, no person visible.",away
train/at_desk/main_at_desk_6361c721f699.jpg,train,img_3a0f79dea5fa,phone,face_or_body,True,in_use,phone,Person holding phone while laptop is open on lap.,at_desk
train/away/away_p23355036.jpg,train,img_3a134a51c593,,none,True,none,unclear,Empty office with no people visible.,away
train/at_desk/at_desk_p9572527.jpg,train,img_3a1fa2507fdc,focused,face_or_body,True,none,work,Student focused on laptop in library setting.,at_desk
train/at_desk/at_desk_p3747100.jpg,train,img_3a39f2a41e6d,,hands_only,True,none,work,"Hands typing on laptop keyboard, focused on work.",at_desk
train/distracted/main_distracted_09a9dc4f67c0.jpg,train,img_3a5022ac3a28,,none,False,none,unclear,"Image shows a jet nose, not a student at a desk.",distracted
eval/away/rafast_chair_00095.jpg,eval,img_3a64aa60b430,,none,False,none,unclear,"Image shows chairs, no person present.",away
eval/at_desk/at_desk_p6930897.jpg,eval,img_3aa3d11621c6,,hands_only,True,none,unclear,"Hands on laptop and cup, face not visible.",at_desk
train/uncertain/main_uncertain_047ce4ce10e7.jpg,eval,img_3aa3d11621c6,,face_or_body,True,none,unclear,Blurred person at desk with laptop and coffee cup; attention cannot be determined.,uncertain
train/at_desk/at_desk_p8199246.jpg,train,img_3aabfb978d11,focused,face_or_body,True,none,work,Student typing on laptop with books nearby.,at_desk
train/at_desk/main_at_desk_583c9bb06363.jpg,train,img_3aba1199f4b4,focused,face_or_body,True,idle,work,Woman looking at laptop screen with phone on table.,at_desk
train/at_desk/main_at_desk_b5a50bf3bc6c.jpg,train,img_3abee8d1cbe6,focused,face_or_body,True,none,work,Person is typing on a laptop at a desk.,at_desk
train/at_desk/main_at_desk_cb8917376fa6.jpg,train,img_3b0967ea25d0,,hands_only,True,none,work,Hands are actively typing on a laptop keyboard.,at_desk
train/at_desk/at_desk_003.jpg,train,img_3b28ffd15693,,hands_only,True,none,work,"Hands typing on laptop, looking at screen with code.",at_desk
train/at_desk/main_at_desk_ed7863b37c84.jpg,train,img_3b28ffd15693,,hands_only,True,none,work,"Hands typing on laptop, monitors show code.",at_desk
train/distracted/distracted_404.jpg,train,img_3b47c0e4c227,phone,hands_only,True,in_use,phone,Hands holding phone over desk with scattered photos.,distracted
train/distracted/distracted_360.jpg,train,img_3b4fa6ac4a2e,phone,face_or_body,True,in_use,phone,Student looking at phone while sitting at a desk.,distracted
train/away/main_away_4f768c865e18.jpg,train,img_3b5d5098d7e3,unfocused,face_or_body,True,none,elsewhere,"Seated man at desk looking at standing person, not focused on work.",away
train/at_desk/at_desk_p17767257.jpg,train,img_3b89878942b9,focused,face_or_body,False,none,work,Person using laptop outdoors on a bench.,at_desk
train/distracted/main_distracted_e4d5cda3e29d.jpg,train,img_3b8b28164554,phone,face_or_body,False,in_use,phone,"Person holding phone, looking at screen, not at a workspace.",distracted
eval/away/away_p12253481.jpg,eval,img_3b90e09cffa3,,none,False,none,unclear,Empty room with no person visible.,away
eval/away/away_p2294135.jpg,eval,img_3ba73367fd39,,none,False,none,unclear,Empty hallway with no person or workspace visible.,away
train/at_desk/at_desk_p6889217.jpg,train,img_3bbd93e71b8a,,hands_only,True,none,work,Hands typing on laptop keyboard at a desk.,at_desk
train/distracted/main_distracted_e68e6590ac7b.jpg,train,img_3bd614bb51ba,,none,False,none,unclear,No person visible in the image.,distracted
train/at_desk/main_at_desk_c10572460395.jpg,train,img_3be16c6dc495,focused,face_or_body,True,none,work,Two people looking at a laptop screen together.,at_desk
train/uncertain/main_uncertain_c23d4fb956b9.jpg,train,img_3be16c6dc495,focused,face_or_body,True,none,work,Two people looking at a laptop screen together.,uncertain
train/at_desk/at_desk_p5530515.jpg,train,img_3c21828a05db,focused,face_or_body,True,none,work,Student looking at computer monitor in a classroom.,at_desk
train/away/main_away_a5d620a3fb13.jpg,train,img_3c890deb7de6,,none,False,none,unclear,"No person visible, image shows furniture and artwork.",away
train/at_desk/at_desk_p8057556.jpg,train,img_3cb36c6ceea3,focused,face_or_body,True,none,work,Student is looking at a laptop screen.,at_desk
train/at_desk/main_at_desk_9c2c4ec4229c.jpg,train,img_3d05f63d090a,,face_or_body,False,none,unclear,"Heavily pixelated figure visible, posture suggests bending, no desk or phone evident, details are indiscernible.",at_desk
eval/distracted/distracted_033.jpg,eval,img_3d0c15a00de6,phone,face_or_body,False,in_use,elsewhere,"Crowded cave event, no desk; multiple phones in use, attention on performance.",distracted
eval/distracted/distracted_201.jpg,eval,img_3d0f67bbeff4,phone,face_or_body,True,in_use,phone,Student is looking at a phone held in hand.,distracted
train/at_desk/at_desk_p16058830.jpg,train,img_3d717c3ca7a7,focused,face_or_body,True,none,work,Person sitting at desk using laptop with wine glass.,at_desk
train/away/away_p6804606.jpg,train,img_3d9fbee895be,,none,True,none,unclear,"Workspace is empty, no person visible.",away
train/at_desk/at_desk_p6894107.jpg,train,img_3db8c9c24b35,focused,face_or_body,True,none,work,Student focused on laptop screen.,at_desk
train/away/away_p18150695.jpg,train,img_3ddb2fbee305,,none,False,none,unclear,"Empty room, no person visible.",away
train/distracted/distracted_213.jpg,train,img_3df988da9ee7,phone,face_or_body,False,in_use,phone,Student looking down at phone held in hands.,distracted
train/distracted/main_distracted_58ef472eb32d.jpg,train,img_3e0edc9dd8b9,phone,face_or_body,False,in_use,phone,"Group outdoors, main subject looking at phone.",distracted
eval/away/rafast_chair_00098.jpg,eval,img_3e37462f0b1f,,hands_only,False,none,unclear,"Image shows a chair cover, no student visible.",away
eval/distracted/distracted_374.jpg,eval,img_3e5ce5837b2e,,face_or_body,True,idle,camera,"Woman stands at desk holding phone, looking at camera.",distracted
train/at_desk/main_at_desk_b7eadc42a007.jpg,train,img_3ea944f244d4,,face_or_body,False,none,elsewhere,"Man walking past desks, not seated or using lab equipment.",at_desk
train/uncertain/main_uncertain_1688f224cfef.jpg,train,img_3eb9922e4f59,,face_or_body,True,none,unclear,Image is too blurry to determine attention or workspace details.,uncertain
train/distracted/main_distracted_1d54d53b14a2.jpg,train,img_3ebece3b6b74,,hands_only,False,none,unclear,Finger touching smartwatch screen showing Shazam app; no desk or phone visible.,distracted
eval/at_desk/at_desk_p7988089.jpg,eval,img_3ed194e812f2,focused,face_or_body,True,none,work,Person is typing at a desk with multiple screens.,at_desk
train/at_desk/at_desk_p8055848.jpg,train,img_3f009303d8a1,focused,face_or_body,True,none,work,Student writing in notebook while attending online class on laptop.,at_desk
eval/at_desk/at_desk_p12899149.jpg,eval,img_3f5ac323ccb3,focused,face_or_body,True,none,work,Person typing code on laptop at desk with monitor nearby.,at_desk
eval/away/away_p8297860.jpg,eval,img_3fbf2e3ddda1,,none,True,none,unclear,"Empty desk with monitor and water bottle, no person visible.",away
train/distracted/distracted_024.jpg,train,img_3fcd0a0793a9,phone,face_or_body,False,in_use,elsewhere,"Man talking on phone, looking away from camera.",distracted
train/at_desk/main_at_desk_5bbcc7be1d12.jpg,train,img_4009878cd4e0,,hands_only,True,none,work,Hands typing on a laptop keyboard.,at_desk
train/away/away_p5511099.jpg,train,img_4037444618b3,,none,True,none,unclear,"Empty office with desks and computers, no people visible.",away
train/away/away_p139234.jpg,train,img_404900f480e6,,none,True,none,unclear,No person visible to determine attention.,away
train/at_desk/at_desk_p5553065.jpg,train,img_40a7728e4121,focused,face_or_body,False,none,work,Students sitting on grass using laptops and notebooks.,at_desk
train/at_desk/at_desk_p17556621.jpg,train,img_40bbe6e376fd,focused,face_or_body,True,none,work,Person is looking at a laptop screen.,at_desk
train/away/main_away_30e7583201c3.jpg,train,img_40d2b48db269,unfocused,face_or_body,True,none,elsewhere,"Historical illustration, not a student with a webcam.",away
train/at_desk/at_desk_p9364859.jpg,train,img_40faff5f3b1a,focused,face_or_body,True,none,work,"Student typing on keyboard, looking at monitor.",at_desk
eval/at_desk/main_at_desk_6fc7ece05fd6.jpg,eval,img_4104be734309,,none,False,none,unclear,"Image is of a school sign, no person visible.",at_desk
train/away/away_p39178037.jpg,train,img_413febf2fdac,,none,True,none,unclear,"Empty classroom with computer desks, no people visible.",away
train/distracted/distracted_111.jpg,train,img_4151254f39d7,phone,hands_only,True,in_use,phone,Hands holding and using a phone at a desk.,distracted
train/distracted/distracted_348.jpg,train,img_41584dbc04d1,phone,face_or_body,True,in_use,phone,Student looking down at phone held in hands.,distracted
train/at_desk/at_desk_p5093654.jpg,train,img_41ca6b752e48,,hands_only,False,none,work,"Person typing on laptop on lap, couch setting.",at_desk
eval/away/main_away_236e18edc2b7.jpg,eval,img_41ce1638e506,phone,face_or_body,True,in_use,phone,"Group of students at a conference table, one person using a phone.",away
train/away/away_004.jpg,eval,img_41ce1638e506,unfocused,face_or_body,True,none,elsewhere,"Group meeting, main subject looks at colleagues.",away
eval/at_desk/main_at_desk_c220eb4aa932.jpg,eval,img_41d177174067,,none,False,none,unclear,No person visible; image is of a bookstore interior.,at_desk
train/at_desk/main_at_desk_116424811c25.jpg,train,img_41daa1cfa0a2,focused,face_or_body,True,none,work,Two military personnel typing on laptops.,at_desk
eval/at_desk/at_desk_p7988125.jpg,eval,img_4200a876398b,,hands_only,True,idle,work,"Hands typing on tablet, phone visible on desk.",at_desk
train/uncertain/main_uncertain_daff558cd508.jpg,eval,img_4200a876398b,,hands_only,True,idle,work,"Hands typing on laptop, phone idle on desk.",uncertain
train/at_desk/main_at_desk_4fc2bbe9fe60.jpg,train,img_422a4de594d8,,none,True,none,unclear,Laptop showing presentation slides in classroom; no person visible in frame.,at_desk
train/distracted/main_distracted_13ac89657612.jpg,train,img_42431519aac7,,none,False,none,unclear,"Image shows a butterfly on a flower, no person visible.",distracted
eval/away/away_p27385074.jpg,eval,img_4245f741e004,,none,True,none,unclear,No person visible; workspace with old telephone and glass.,away
train/away/away_p6028170.jpg,train,img_424f3c67bdaa,,none,False,none,unclear,"Empty warehouse, no person or workspace visible.",away
train/away/away_p15743373.jpg,train,img_42546530f88e,,none,False,none,unclear,No person visible in this room image.,away
train/away/rafast_chair_00021.jpg,train,img_426762f2a8db,,none,False,none,unclear,No person is visible in the image.,away
train/away/main_away_f8b9a0b2c558.jpg,train,img_4278ce57cbd7,,none,False,none,unclear,"Cartoon illustration of a tooth, toothpaste, and toothbrush.",away
train/at_desk/at_desk_p8199555.jpg,train,img_4295b503019e,,face_or_body,True,none,camera,"Student smiling at camera, holding pen, with open book and laptop.",at_desk
train/distracted/distracted_156.jpg,train,img_429d5eac74df,phone,face_or_body,False,in_use,phone,Person sitting on a bed looking at a smartphone.,distracted
eval/at_desk/at_desk_p6930899.jpg,eval,img_42ce38080459,,hands_only,True,none,work,Hands on laptop and coffee cup.,at_desk
train/away/away_p32422108.jpg,train,img_431ba1dd0bc6,,none,False,none,unclear,No person visible. Room contains a chair and a window.,away
train/distracted/distracted_244.jpg,train,img_434203b92115,phone,face_or_body,True,in_use,phone,Student is looking at and using a phone.,distracted
train/away/rafast_chair_00037.jpg,train,img_43c440951f34,,none,False,none,unclear,Image shows an empty office chair with no person present.,away
train/distracted/main_distracted_9002c274954b.jpg,train,img_43c79aa185d4,focused,face_or_body,True,idle,work,Student writing at table; phones on desk unused by main subject.,distracted
eval/away/away_p9300722.jpg,eval,img_43d993beb84a,,none,True,none,unclear,"Empty workspace with laptop visible, no person present.",away
train/at_desk/main_at_desk_904162fa0125.jpg,train,img_43e27ee43f6f,,none,False,none,unclear,"Image shows bookshelves, no student or desk visible.",at_desk
eval/at_desk/main_at_desk_42b305018081.jpg,eval,img_43ffb7ce9b95,,face_or_body,False,none,elsewhere,Man on stage presenting to an audience.,at_desk
eval/away/away_p8532766.jpg,eval,img_44689341766a,,none,True,none,unclear,"Laptop on desk, no person visible.",away
eval/distracted/main_distracted_026f5c3c6f0a.jpg,eval,img_4476a4e9e1ed,phone,face_or_body,False,in_use,phone,Group of students standing in a hallway taking photos.,distracted
train/distracted/distracted_396.jpg,train,img_44ccc334f7b9,phone,face_or_body,True,in_use,phone,Person holding and looking at smartphone.,distracted
eval/distracted/distracted_149.jpg,eval,img_4521e29b36be,phone,face_or_body,False,in_use,phone,"Person is on a bed, looking at phone while laptop is on lap.",distracted
train/at_desk/main_at_desk_6dfe18100631.jpg,train,img_453b75fdd82a,,none,False,none,unclear,No person visible; image shows Blended Learning Center banner between pillars.,at_desk
train/at_desk/main_at_desk_13abdea646ce.jpg,train,img_455b0f3c00b1,,none,True,none,unclear,No person visible in the image.,at_desk
train/distracted/distracted_159.jpg,train,img_458e0bc1d77f,,none,False,none,unclear,"Abstract geometric shapes, no person or workspace visible.",distracted
train/at_desk/main_at_desk_c1b2a99b4dbe.jpg,train,img_45952095be83,,none,False,none,unclear,"Historical photograph of damaged cotton bales, no person visible.",at_desk
train/away/rafast_chair_00075.jpg,train,img_45b51396bab3,,none,True,none,unclear,No person visible in the image.,away
train/away/main_away_a11dec5abc8c.jpg,train,img_45dd3f58e77c,,none,False,none,unclear,Empty classroom with no people visible.,away
eval/away/rafast_chair_00083.jpg,eval,img_4608acb7340d,,none,False,none,unclear,No person is visible in the image.,away
train/at_desk/main_at_desk_d778050f1061.jpg,train,img_46421c746c91,,none,True,none,unclear,Laptop side ports visible; no person in frame.,at_desk
train/distracted/distracted_200.jpg,train,img_466d89678cc5,phone,face_or_body,True,in_use,phone,Student holding smartphone and looking at the screen.,distracted
eval/at_desk/at_desk_p6893376.jpg,eval,img_46a4190a105c,,none,True,idle,unclear,No person visible; workspace setup implies study.,at_desk
train/uncertain/main_uncertain_9814ab681306.jpg,eval,img_46a4190a105c,,face_or_body,True,none,unclear,Image too pixelated to determine gaze or device usage.,uncertain
train/away/away_p34170884.jpg,train,img_46cc3442f1a2,,none,True,none,unclear,"Laptop on desk with shadows, no person visible.",away
eval/distracted/distracted_026.jpg,eval,img_472199075270,,face_or_body,False,none,elsewhere,"Street scene with vendors, no student workspace or study activity.",distracted
train/away/away_p8574469.jpg,train,img_474ee7636a82,,none,True,none,unclear,"Empty conference room, no person visible.",away
train/away/away_007.jpg,train,img_476c52428048,,none,False,none,unclear,"Spiral arrangement of books and papers, no person visible.",away
train/at_desk/main_at_desk_bbec708eab88.jpg,train,img_47888c221818,focused,face_or_body,True,none,work,"Student wearing headphones, looking at laptop screen.",at_desk
eval/at_desk/at_desk_p36496927.jpg,eval,img_47c7b779e7c9,,hands_only,True,idle,work,"Hands interacting with tablet, phone idle on desk.",at_desk
train/distracted/distracted_401.jpg,train,img_47cdb03edf39,phone,face_or_body,True,in_use,phone,Student smiling while looking at phone.,distracted
train/distracted/distracted_128.jpg,train,img_47f3afc17ceb,phone,hands_only,True,in_use,phone,Student using smartphone at a desk with laptop.,distracted
eval/at_desk/main_at_desk_d08934122136.jpg,eval,img_47fbf6198716,,hands_only,True,none,unclear,"Hands typing on keyboard, face not visible.",at_desk
eval/away/away_014.jpg,eval,img_481c35f80a08,,none,True,none,unclear,"Empty conference room with table and chairs, no person visible.",away
train/away/away_p8534240.jpg,train,img_483b329da8c7,,none,True,none,unclear,"Laptop on desk with blank screen, no person visible.",away
train/distracted/main_distracted_fd96cee1af1a.jpg,train,img_48658debd697,,face_or_body,False,none,elsewhere,"Group at a convention table, not a student workspace.",distracted
train/distracted/distracted_343.jpg,train,img_48724b0efc5a,phone,face_or_body,False,in_use,phone,Person in library looking at phone.,distracted
train/uncertain/main_uncertain_974736bb69da.jpg,train,img_4879c62dbfb1,focused,face_or_body,True,none,work,"Student looking down at laptop screen, seated at a workspace.",uncertain
train/away/rafast_chair_00013.jpg,train,img_487f0e06fd8d,,none,False,none,unclear,Close-up of a black chair back. No person or workspace visible.,away
eval/distracted/distracted_019.jpg,eval,img_48bacb1744be,focused,face_or_body,True,none,work,Student looking at laptop screen while holding a coffee cup.,distracted
train/distracted/main_distracted_6664f633cd21.jpg,eval,img_48bacb1744be,focused,face_or_body,True,none,work,Man focused on laptop screen at desk.,distracted
train/distracted/distracted_337.jpg,train,img_48f92b3822bc,phone,face_or_body,False,in_use,elsewhere,"Woman talking on phone in a library, not at a desk.",distracted
eval/away/away_p22711217.jpg,eval,img_48fa900f40d6,,none,True,none,unclear,"Empty desk with computer, no person visible.",away
eval/away/away_p8297845.jpg,eval,img_492c92565d1e,,none,True,none,unclear,Empty office desks with no people visible.,away
eval/distracted/distracted_205.jpg,eval,img_49638565e6f1,phone,face_or_body,True,in_use,phone,Student is holding and looking at a smartphone.,distracted
train/distracted/distracted_387.jpg,train,img_498cc365336c,phone,hands_only,True,in_use,phone,Hands holding and using a phone over a desk workspace.,distracted
train/at_desk/at_desk_p6893801.jpg,train,img_49fce1393a9b,phone,face_or_body,False,in_use,phone,"Person on sofa using phone, laptop on lap.",at_desk
train/distracted/distracted_236.jpg,train,img_4a371392055c,phone,hands_only,False,in_use,phone,"Person holding a phone and a tablet, clearly focused on the phone.",distracted
train/distracted/distracted_108.jpg,train,img_4a50576b841a,,none,True,idle,unclear,No person visible. Phone idle on desk near laptop and keyboard.,distracted
train/away/away_p9780101.jpg,train,img_4a50c5685b63,,none,False,none,unclear,"Empty classroom with desks, no person visible.",away
train/away/main_away_8d154032e96f.jpg,train,img_4a9d96f0cb42,,face_or_body,False,none,elsewhere,"Person speaking at podium, not at a desk workspace.",away
train/distracted/distracted_042.jpg,train,img_4a9f98c246a5,phone,face_or_body,False,in_use,elsewhere,"Person is outdoors, talking on phone, looking away.",distracted
train/distracted/distracted_261.jpg,train,img_4aae4ead89b8,phone,face_or_body,True,in_use,phone,Man looking at phone while drinking from mug.,distracted
train/away/away_p9300734.jpg,train,img_4ad3387f5ea4,,none,True,none,unclear,"Empty workspace with laptop, no person visible.",away
eval/away/main_away_010b2c043c43.jpg,eval,img_4ae47e7c6d2d,,face_or_body,False,none,elsewhere,"Person sweeping floor, no desk or work visible.",away
train/away/main_away_ca1ba9934310.jpg,eval,img_4ae47e7c6d2d,,face_or_body,False,none,elsewhere,Silhouetted person sweeping floor; no desk or work surface visible.,away
train/away/away_p7670739.jpg,train,img_4b016f410d82,,none,True,none,unclear,"Empty workspace with laptop and notebook, no person visible.",away
train/away/main_away_c31c91327713.jpg,train,img_4b1ef00d871b,,none,False,none,unclear,"Image is an architectural drawing, no person visible.",away
eval/distracted/main_distracted_753c1021ea4e.jpg,eval,img_4b1fdc4440f1,,face_or_body,False,none,elsewhere,"Person adjusting VR headset, attention not on standard work materials.",distracted
train/at_desk/main_at_desk_d753b41a1bd5.jpg,train,img_4b3654a1626a,focused,face_or_body,True,none,work,Woman looking at laptop screen in dark environment.,at_desk
train/distracted/distracted_223.jpg,train,img_4b3767fcb434,phone,face_or_body,True,in_use,phone,Student smiling while looking at a phone held in hands.,distracted
train/away/main_away_ec320d9a451e.jpg,train,img_4b3bf7de697b,,none,True,none,unclear,"Room visible through doorway, no person present.",away
train/at_desk/at_desk_p28927920.jpg,train,img_4b413d89f898,focused,face_or_body,True,none,work,Student looking at laptop screen.,at_desk
train/uncertain/main_uncertain_723a54607312.jpg,train,img_4b6fdd8bec3f,phone,face_or_body,True,in_use,phone,Person standing at desk looking at phone.,uncertain
eval/at_desk/main_at_desk_70551a99aab4.jpg,eval,img_4b8ee732ad49,,none,False,none,unclear,"Empty library scene, no person visible.",at_desk
train/uncertain/main_uncertain_6ecedfd5e82c.jpg,eval,img_4b8ee732ad49,,none,False,none,unclear,Image shows a library interior with no people present.,uncertain
train/away/main_away_5c808ee20734.jpg,train,img_4bd146ab6103,,none,False,none,unclear,"Image shows buildings, no student or workspace visible.",away
eval/at_desk/at_desk_p9300770.jpg,eval,img_4bdb8f958d49,,none,True,none,unclear,"Empty desk with monitors, no person visible.",at_desk
eval/uncertain/uncertain_003.jpg,eval,img_4becc3e1e83d,,none,False,none,unclear,Image shows the Milky Way; no person or workspace visible.,uncertain
train/away/away_p8453810.jpg,train,img_4c314c8ab5db,,none,True,none,unclear,Empty office cubicle with desk and computer.,away
train/distracted/distracted_085.jpg,train,img_4c5e650380d5,phone,face_or_body,True,in_use,phone,Woman sitting at desk looking at phone.,distracted
train/at_desk/at_desk_p12903349.jpg,train,img_4cd0686757cb,unfocused,face_or_body,True,none,elsewhere,Person is looking away from the monitor screen.,at_desk
train/distracted/distracted_264.jpg,train,img_4d890643bb88,phone,face_or_body,True,in_use,phone,Student looking at phone screen held in hands.,distracted
train/at_desk/at_desk_p6437602.jpg,train,img_4d98f11a6402,focused,face_or_body,True,none,work,"Girl looking at laptop, holding a pen.",at_desk
eval/at_desk/at_desk_p12899140.jpg,eval,img_4dc03a96664e,,hands_only,True,none,work,"Hands typing on keyboard, monitor shows code.",at_desk
train/away/rafast_chair_00063.jpg,train,img_4dc07ccba24c,,none,False,none,unclear,No person visible in the image.,away
eval/away/away_p8092315.jpg,eval,img_4dd3f60f730f,,none,True,none,unclear,"Empty workspace with laptop, no person visible.",away
train/away/rafast_chair_00027.jpg,train,img_4de61937a935,,none,False,none,unclear,"Image shows an armchair, no person or workspace visible.",away
train/distracted/distracted_351.jpg,train,img_4df80068eb58,phone,face_or_body,True,in_use,phone,Student holding and looking at phone while seated at a desk.,distracted
train/distracted/main_distracted_65091712312b.jpg,train,img_4df9c80fdeea,,none,False,idle,unclear,"Image shows phone and accessories in a box, no person visible.",distracted
train/away/main_away_ad4022f670ab.jpg,train,img_4e02d3f76ec7,,face_or_body,False,none,camera,"Person looking at camera, no workspace visible.",away
train/at_desk/main_at_desk_58d299978723.jpg,train,img_4e06514e376c,focused,face_or_body,True,none,work,Woman using a laptop at a desk.,at_desk
train/uncertain/main_uncertain_f30b5b58daf0.jpg,train,img_4e06514e376c,focused,face_or_body,True,none,work,"Pixelated image shows student at desk, appearing focused on workspace materials.",uncertain
train/away/away_p32216281.jpg,train,img_4e4fbc6c4809,,none,True,none,unclear,Empty office with no people visible.,away
eval/at_desk/at_desk_p6803522.jpg,eval,img_4ee450d682ef,focused,face_or_body,True,none,work,Person is typing on a keyboard and looking at a monitor.,at_desk
train/at_desk/at_desk_p7581046.jpg,train,img_4f38f89073ad,focused,face_or_body,True,none,work,Woman reviewing documents at desk; man stands in background.,at_desk
train/uncertain/main_uncertain_e3aa6d7e4f4c.jpg,train,img_4f38f89073ad,,face_or_body,True,none,unclear,Heavy pixelation prevents reliable determination of gaze or focus state.,uncertain
train/away/rafast_chair_00006.jpg,train,img_4f5a649e6f2c,,none,True,none,unclear,"Close-up of mesh chair back, no person visible.",away
train/away/away_p326512.jpg,train,img_4f9ef23c8ef1,,none,True,none,unclear,"No person visible, only monitors and desk.",away
train/away/away_p17664083.jpg,train,img_505a1bb8ac6a,,none,False,none,unclear,Image shows an empty room with desks and chairs.,away
train/away/away_p5483154.jpg,train,img_50ac0dcdd409,,none,True,none,unclear,"Empty office chair, no person visible.",away
train/at_desk/at_desk_p6334146.jpg,train,img_512ddddb5963,phone,face_or_body,True,in_use,phone,Student is talking on the phone at the desk.,at_desk
eval/distracted/distracted_140.jpg,eval,img_514e0ea0037a,phone,hands_only,True,in_use,phone,Hands holding and interacting with a phone over a laptop.,distracted
train/away/away_p31091590.jpg,train,img_5155ed22250f,,none,False,none,unclear,"Empty classroom with desks, no person visible.",away
train/at_desk/at_desk_p13034000.jpg,train,img_51a6623c5aef,,face_or_body,False,none,elsewhere,"Two children standing outdoors, not at a desk.",at_desk
train/distracted/distracted_300.jpg,train,img_521860cfd6cd,phone,hands_only,True,in_use,phone,Person using phone while holding pen over notebook.,distracted
train/away/away_p5483078.jpg,train,img_52298df350fe,phone,face_or_body,True,in_use,phone,"Person using phone at desk, not focused on work.",away
train/at_desk/main_at_desk_74b268057846.jpg,train,img_5233957b4b04,focused,face_or_body,True,none,work,"Student typing on a laptop, looking at the screen.",at_desk
train/at_desk/main_at_desk_a074571be242.jpg,train,img_525b7451989f,focused,face_or_body,True,none,work,Person writing in notebook at desk.,at_desk
train/away/away_p35118034.jpg,train,img_5265d5b853c9,,none,False,none,unclear,"Empty classroom with chairs, no student visible.",away
train/at_desk/main_at_desk_6c3309ab24bf.jpg,train,img_5273e430da0c,focused,face_or_body,True,none,work,Student looking at laptop screen while another person observes.,at_desk
eval/away/away_p8382236.jpg,eval,img_527872155734,,none,True,none,unclear,"Image shows empty desk and floor, no person visible.",away
eval/distracted/distracted_375.jpg,eval,img_5279ce0c335b,phone,face_or_body,True,in_use,phone,Woman at desk looking at her smartphone.,distracted
train/away/main_away_f023b407d03d.jpg,train,img_529a4e66eff2,,none,False,none,unclear,"Empty room with office chair, no person visible.",away
train/distracted/distracted_069.jpg,train,img_529d5a9e96f2,phone,face_or_body,True,in_use,phone,Man looking at phone at desk with laptop.,distracted
eval/uncertain/main_uncertain_11bc685641ec.jpg,eval,img_52aa6842ce0b,unfocused,face_or_body,True,none,elsewhere,Student at desk turned away from monitor looking at another person.,uncertain
eval/distracted/main_distracted_1d4afa5d441f.jpg,eval,img_52c1c974dc92,,face_or_body,False,idle,camera,Person holding phone but looking at camera on street.,distracted
eval/at_desk/at_desk_p4977481.jpg,eval,img_52fdb61b7a89,focused,face_or_body,True,none,work,"Person working on laptop, hands on trackpad.",at_desk
eval/at_desk/at_desk_p29249664.jpg,eval,img_5315ae74ecda,focused,face_or_body,True,idle,work,Man is focused on a laptop screen.,at_desk
eval/at_desk/at_desk_p34774313.jpg,eval,img_53189f380e26,focused,face_or_body,True,none,work,Student is looking at laptop screen.,at_desk
train/distracted/main_distracted_9818039af4ae.jpg,train,img_531c35f93d91,phone,face_or_body,False,in_use,camera,Group taking a selfie in an office setting.,distracted
train/at_desk/at_desk_p5553635.jpg,train,img_532294acfbd5,,face_or_body,False,none,camera,"Student standing outside holding a folder, looking at camera.",at_desk
train/at_desk/at_desk_p36697262.jpg,train,img_536748a3e5ef,focused,face_or_body,True,none,work,"Student sitting on desk, looking at laptop screen.",at_desk
train/away/rafast_chair_00069.jpg,train,img_53866d36522e,,none,False,none,unclear,No person is visible in the image.,away
eval/distracted/main_distracted_fa02ddfc7d7e.jpg,eval,img_53931577857d,focused,face_or_body,False,none,work,Outdoor study group on ground mats; no desk or webcam visible.,distracted
train/at_desk/at_desk_p3932570.jpg,train,img_539344ea6475,focused,face_or_body,True,none,work,Student typing on laptop in a classroom.,at_desk
train/at_desk/at_desk_p8199249.jpg,train,img_539409a129f9,focused,face_or_body,True,none,work,"Student typing on laptop, focused on screen.",at_desk
eval/away/away_p27758874.jpg,eval,img_53960ff0e6b9,,none,False,none,unclear,"Empty room with coat racks, no person visible.",away
train/uncertain/main_uncertain_eca62b314196.jpg,train,img_53a21bcfbddf,unfocused,face_or_body,True,none,elsewhere,"Person standing near desk, looking away from work.",uncertain
train/distracted/main_distracted_c1ea093b291b.jpg,train,img_53a8b30d0a7e,,none,False,none,unclear,"Image shows a house exterior, no person visible.",distracted
train/away/away_p18293811.jpg,train,img_53ab2cf0ac1f,,none,True,none,unclear,No person is visible in the frame.,away
train/distracted/distracted_345.jpg,train,img_53ab72e5d757,phone,face_or_body,True,in_use,phone,Person holding phone while resting head on arm.,distracted
eval/uncertain/main_uncertain_60f6194f5a77.jpg,eval,img_53c442566ba0,focused,face_or_body,True,none,work,"Students seated at desks with computers, facing screens.",uncertain
train/at_desk/at_desk_p5303542.jpg,train,img_53e2f8ada4e0,unfocused,face_or_body,True,idle,elsewhere,Child looking at laptop screen instead of open book.,at_desk
train/distracted/distracted_252.jpg,train,img_53e65a4bfd5a,phone,face_or_body,True,in_use,phone,"Person looking at smartphone, not the computer monitor.",distracted
eval/uncertain/main_uncertain_89767fee9cbe.jpg,eval,img_53f106244c52,,face_or_body,True,none,unclear,Blurred view of a person at a desk with a laptop.,uncertain
train/at_desk/at_desk_p4050452.jpg,eval,img_53f106244c52,,hands_only,True,none,work,"Person typing on laptop, tea nearby.",at_desk
train/away/main_away_c1104acfe136.jpg,train,img_540285b8dc2c,,none,False,none,unclear,No person visible; outdoor scene with chairs and mural.,away
train/at_desk/main_at_desk_6d104c1ec39e.jpg,train,img_540d8e9d22a2,focused,face_or_body,True,idle,work,"Person typing on laptop, phone sits idle on desk.",at_desk
train/distracted/main_distracted_3aeb33aea883.jpg,train,img_5421ad85c76b,phone,face_or_body,False,in_use,phone,Group of students taking a selfie together,distracted
train/at_desk/main_at_desk_a412b892732a.jpg,train,img_5445cec97276,unfocused,face_or_body,True,none,elsewhere,Group meeting; main person looking at colleagues across table.,at_desk
train/distracted/main_distracted_9ef759e5dc3b.jpg,train,img_544cb1c073d9,phone,hands_only,False,in_use,phone,Hiker checking map on phone while holding trekking poles outdoors.,distracted
train/away/away_p30281236.jpg,train,img_547821424b75,,none,False,none,unclear,Empty classroom with no people visible.,away
train/at_desk/at_desk_p12903252.jpg,train,img_548abb097631,focused,face_or_body,True,idle,work,"Person focused on laptop, phone idle on desk.",at_desk
train/away/away_p11597780.jpg,train,img_54bc702d9df5,,none,False,none,unclear,"Abandoned room, no person visible.",away
eval/away/away_p2675055.jpg,eval,img_54c22a3d6531,,none,True,none,unclear,No person visible in the image.,away
train/away/rafast_chair_00047.jpg,train,img_54d66a808b44,,none,True,none,unclear,Image shows an empty office chair; no person is visible.,away
eval/at_desk/at_desk_p6969655.jpg,eval,img_54dd4fa75095,focused,face_or_body,True,none,work,Man looking at laptop screen while holding a cup.,at_desk
train/at_desk/main_at_desk_2a205425fb55.jpg,train,img_551fc66992df,,none,False,none,unclear,Image shows bottom of Lenovo laptop; no person visible.,at_desk
train/distracted/distracted_415.jpg,train,img_558c1e15231b,phone,hands_only,True,in_use,phone,"Hands holding phone, likely distracted from work.",distracted
train/distracted/distracted_266.jpg,train,img_55f29a30718f,phone,hands_only,False,in_use,phone,"Person holding phone in train, watching video.",distracted
eval/at_desk/at_desk_p12899158.jpg,eval,img_5617d3da60df,focused,face_or_body,True,none,work,"Person is typing on a laptop, focused on screen.",at_desk
train/distracted/main_distracted_78405e6cc7e9.jpg,train,img_562188a39c51,phone,face_or_body,False,in_use,phone,Person in dark room looking at phone screen.,distracted
train/at_desk/main_at_desk_469ffc26f7c1.jpg,train,img_5629ad9e033c,,face_or_body,True,none,unclear,Person in background appears to be working at a desk.,at_desk
train/distracted/main_distracted_96c5b8d11bb5.jpg,train,img_5636c61cd046,phone,face_or_body,False,in_use,elsewhere,"Man on phone at street stall, not at a desk.",distracted
train/away/main_away_3c3635a4f739.jpg,train,img_563c0facdbd2,,face_or_body,False,none,elsewhere,"Contact sheet of 1976 dinner event; people at tables, not a student webcam view.",away
train/away/away_p35344808.jpg,train,img_566426cceba3,,none,False,none,unclear,No person visible in the image.,away
train/away/main_away_8d2747f2fa34.jpg,train,img_56677c02f6d0,,none,False,none,unclear,"Architectural section drawing, no person or desk workspace visible.",away
eval/distracted/distracted_061.jpg,eval,img_566ef8889fc4,phone,face_or_body,True,in_use,phone,Woman looking at red phone at desk.,distracted
train/distracted/main_distracted_aa5b4ba29710.jpg,train,img_568be10d70b3,unfocused,face_or_body,True,none,elsewhere,Man shaking hands over desk with mugs and notebooks.,distracted
train/at_desk/at_desk_p5538622.jpg,train,img_56f0177a0ec1,focused,face_or_body,True,none,work,Student writing in notebook with laptop open.,at_desk
train/away/away_p7500055.jpg,train,img_5744e0938c21,,none,True,none,unclear,"Empty office lounge, no students present.",away
train/at_desk/at_desk_p7580645.jpg,train,img_575a64319ca6,focused,face_or_body,True,none,work,Man writing on paper at desk.,at_desk
train/at_desk/at_desk_p3961066.jpg,train,img_576b5d0f240a,,face_or_body,False,none,elsewhere,"Person sitting on sofa, drinking and using laptop.",at_desk
train/away/away_p9300771.jpg,train,img_579551ca3314,,none,True,none,unclear,Empty workspace with laptop; no person visible.,away
train/at_desk/main_at_desk_5dbd10ff4c15.jpg,train,img_57957e1c92b7,,face_or_body,False,none,elsewhere,"Musicians performing on stage, not a student at a desk.",at_desk
train/distracted/distracted_064.jpg,train,img_57c5fb0e4691,phone,hands_only,True,in_use,phone,Hands typing on smartphone keyboard.,distracted
eval/at_desk/main_at_desk_32bc9be9492b.jpg,eval,img_57d80f010179,,none,False,none,unclear,"Printed Facebook profile screenshot, no live student or webcam feed.",at_desk
train/distracted/distracted_174.jpg,train,img_57dc10a2c3e6,phone,face_or_body,True,in_use,phone,Student looking at phone screen hidden inside a book.,distracted
train/away/away_p5483249.jpg,train,img_57f88d640802,unfocused,face_or_body,True,none,elsewhere,Person looking away from desk towards window.,away
train/at_desk/main_at_desk_cbcd8f257425.jpg,train,img_580e973c0fec,,face_or_body,False,none,unclear,Stylized art of a person; no real context or gaze.,at_desk
eval/at_desk/main_at_desk_900eba104867.jpg,eval,img_581b6d834860,,face_or_body,False,none,elsewhere,"Man speaking into microphone at an event, not working.",at_desk
train/away/away_p15811681.jpg,train,img_585763951243,,none,True,none,unclear,"Unoccupied lab workspace with yellow lighting, no person visible.",away
train/distracted/distracted_132.jpg,train,img_5861bd80ee68,phone,hands_only,True,in_use,phone,"Student holding phone, ignoring laptop.",distracted
train/at_desk/at_desk_p4144224.jpg,train,img_587dc950fb38,focused,face_or_body,True,none,work,Student writing notes while watching video lesson.,at_desk
train/at_desk/main_at_desk_925726432d83.jpg,train,img_587dc950fb38,focused,face_or_body,True,none,work,Student writing in notebook while viewing video lecture on monitor.,at_desk
train/distracted/distracted_268.jpg,train,img_58c8a4345111,,none,True,idle,unclear,"Phone lying on desk, no person visible.",distracted
eval/distracted/distracted_031.jpg,eval,img_594908cbdae2,phone,face_or_body,False,in_use,elsewhere,"Man outdoors talking on phone, smiling, looking away.",distracted
eval/at_desk/at_desk_p24604951.jpg,eval,img_598dacf7ffb3,,face_or_body,True,none,camera,Person looking directly at camera while using laptop.,at_desk
train/at_desk/at_desk_p5530443.jpg,train,img_599090d55864,unfocused,face_or_body,True,none,elsewhere,"Student looking down and to the side, not at monitor.",at_desk
train/at_desk/at_desk_p6803551.jpg,train,img_5995b370deb2,,hands_only,True,none,work,"Student typing on keyboard, focused on computer work.",at_desk
train/away/away_p12542133.jpg,train,img_59a7215927ce,,none,True,none,unclear,"Empty workspace, no person visible to assess.",away
train/away/away_p18306898.jpg,train,img_59ddd58ac73b,,none,True,none,unclear,"Empty conference room, no person visible.",away
eval/distracted/distracted_065.jpg,eval,img_59ebba8263bf,phone,face_or_body,True,in_use,phone,Student holding phone and looking at screen.,distracted
eval/at_desk/at_desk_013.jpg,eval,img_5a5f8fc57db0,focused,face_or_body,True,none,work,Student watching educational video on monitor,at_desk
train/at_desk/main_at_desk_de607379982d.jpg,eval,img_5a5f8fc57db0,focused,face_or_body,True,none,work,Student watching video lecture on computer monitor.,at_desk
train/at_desk/main_at_desk_048a573c335d.jpg,train,img_5a790cb5c6d0,,face_or_body,False,none,elsewhere,"Speaker on stage presenting to audience, not at a desk.",at_desk
eval/at_desk/main_at_desk_1e653b3d83ee.jpg,eval,img_5a89f09f376d,,face_or_body,True,none,camera,"Man looking at camera, holding glasses over newspaper.",at_desk
train/uncertain/main_uncertain_3085337eca55.jpg,eval,img_5a89f09f376d,,face_or_body,True,none,unclear,Blurry image prevents determining gaze direction; no phone visible.,uncertain
train/away/main_away_8b8139026415.jpg,train,img_5a9d7510e493,,face_or_body,True,none,camera,"Man smiling directly at camera, seated at desk.",away
train/away/away_p7583951.jpg,train,img_5ad79a0a3155,,none,True,none,unclear,No person visible. Unoccupied desk with laptop and notebook near window.,away
train/distracted/distracted_087.jpg,train,img_5af4c7a8bfd8,phone,face_or_body,True,in_use,phone,Student holding and looking at phone.,distracted
train/away/main_away_90036fda60ea.jpg,train,img_5b0868f585c4,focused,face_or_body,True,none,work,Man seated at desk signing a document.,away
eval/distracted/distracted_020.jpg,eval,img_5b8f9fb5cfd7,focused,face_or_body,True,none,work,Student writing notes while watching online lecture.,distracted
eval/distracted/main_distracted_fbefa993abe1.jpg,eval,img_5b8f9fb5cfd7,focused,face_or_body,True,none,work,Student watching monitor and taking notes.,distracted
eval/distracted/distracted_371.jpg,eval,img_5be8811a50a1,phone,face_or_body,True,in_use,phone,Woman looking at phone while sitting at desk with laptop.,distracted
eval/distracted/distracted_018.jpg,eval,img_5be8bb73ca3c,phone,face_or_body,False,in_use,phone,Two people looking at a phone together.,distracted
train/distracted/main_distracted_d5bc9e72477e.jpg,eval,img_5be8bb73ca3c,phone,face_or_body,False,in_use,phone,Two people on rug using phone together.,distracted
eval/away/away_p5499551.jpg,eval,img_5bef99d2bf96,,none,True,none,unclear,Empty workspace with no person visible.,away
train/distracted/distracted_386.jpg,train,img_5c54b94a4fbc,phone,face_or_body,True,in_use,phone,Student sitting at desk looking at smartphone.,distracted
train/away/main_away_bc396a9d1193.jpg,train,img_5c5d3e663ec9,,face_or_body,False,none,elsewhere,"Person standing at podium, looking away from camera.",away
train/at_desk/main_at_desk_ca406421d753.jpg,train,img_5c616ea84e4c,unfocused,face_or_body,True,idle,elsewhere,"Man speaking into microphone, looking away from laptop screen.",at_desk
train/distracted/main_distracted_a28c88017d0e.jpg,train,img_5ca8f265aa3d,phone,face_or_body,False,in_use,phone,Two men outdoors using phones near a bush.,distracted
train/at_desk/at_desk_p4443126.jpg,train,img_5ca9eb27aa4e,,hands_only,True,none,unclear,Hands writing in a notebook near a laptop keyboard.,at_desk
train/distracted/distracted_072.jpg,train,img_5cdd1f868356,phone,face_or_body,False,in_use,phone,Person standing outdoors looking at phone.,distracted
train/at_desk/at_desk_p4498475.jpg,train,img_5cdef1bfad49,focused,face_or_body,False,none,work,"Person is on a yoga mat, not at a desk.",at_desk
train/distracted/distracted_021.jpg,train,img_5cf9990aa98d,focused,face_or_body,False,none,work,Person sitting on a couch using a tablet.,distracted
train/distracted/main_distracted_3c50be7f41d1.jpg,train,img_5cf9990aa98d,,face_or_body,False,none,elsewhere,"Person sitting on couch using a tablet, not at a desk.",distracted
train/at_desk/main_at_desk_a4b871a95102.jpg,train,img_5d117115558a,focused,face_or_body,False,none,work,Student on sofa using tablet.,at_desk
train/away/main_away_58d17c6a8927.jpg,train,img_5d157a667343,,none,False,none,unclear,"Image is a floor plan, no person visible.",away
train/at_desk/at_desk_005.jpg,train,img_5d94efd14d8b,phone,face_or_body,True,in_use,phone,"Student holding phone in left hand, looking at screen.",at_desk
train/at_desk/main_at_desk_ec17aa358611.jpg,train,img_5d94efd14d8b,phone,hands_only,True,in_use,phone,Person holding phone while hand rests on laptop trackpad.,at_desk
train/distracted/distracted_406.jpg,train,img_5db6ffc9b284,phone,face_or_body,True,in_use,phone,"Student looking at phone, ignoring laptop on desk.",distracted
train/at_desk/at_desk_p3775128.jpg,train,img_5dd1cae59f03,focused,face_or_body,False,none,work,Student working on laptop on outdoor stairs.,at_desk
train/away/main_away_0389fb443af2.jpg,train,img_5df1767a6889,,none,False,none,unclear,No person visible in image; outdoor scene with chairs and construction.,away
train/at_desk/at_desk_p9052204.jpg,train,img_5e965b065758,focused,face_or_body,True,none,work,"Student typing on laptop, focused on screen.",at_desk
eval/at_desk/at_desk_p9553905.jpg,eval,img_5ec16f85b92b,focused,face_or_body,True,none,work,Person is typing and looking at computer screens.,at_desk
eval/away/away_p8167321.jpg,eval,img_5edd94aac8fa,,none,True,idle,unclear,No person visible to judge attention.,away
train/away/away_p7439754.jpg,train,img_5f0b90fee208,,none,True,none,unclear,"Empty desk with lamps, no person visible.",away
train/distracted/distracted_006.jpg,train,img_5f1ff9455ded,focused,face_or_body,True,none,work,Person writing in a notebook at a table.,distracted
train/distracted/main_distracted_e945cefe40f2.jpg,train,img_5f1ff9455ded,focused,face_or_body,True,none,work,Student writing in notebook with stylus at table.,distracted
train/at_desk/at_desk_p4939701.jpg,train,img_5f2f2ab14fc2,focused,face_or_body,True,idle,work,"Student smiling while typing on a laptop, phone is idle nearby.",at_desk
train/distracted/distracted_422.jpg,train,img_5f8528d19968,phone,face_or_body,True,in_use,phone,Student is using a calculator app on their phone.,distracted
train/away/rafast_chair_00042.jpg,train,img_5fd54f12b906,,none,False,none,unclear,"No person visible, image is of an office chair.",away
train/away/away_p26689753.jpg,train,img_5ff10462cd48,,none,True,none,unclear,Workspace visible but no person present.,away
eval/distracted/distracted_364.jpg,eval,img_602546a6fe6a,phone,face_or_body,True,in_use,phone,Man in suit taking a selfie at his desk.,distracted
train/away/away_p10567351.jpg,train,img_60436ea575a7,,none,True,none,unclear,"Empty workspace, no person visible to judge attention.",away
train/at_desk/main_at_desk_d4e205ae0ef9.jpg,train,img_604655bb201b,,face_or_body,False,none,unclear,"Stylized art of a nude figure, no workspace visible.",at_desk
train/distracted/main_distracted_1197b1d06fe0.jpg,train,img_606ba832d5af,focused,face_or_body,True,none,work,Student writing in notebook with laptop nearby.,distracted
train/at_desk/main_at_desk_1f386b09d5ec.jpg,train,img_60963427aa82,unfocused,face_or_body,True,none,elsewhere,"Uniformed personnel seated at desk, looking away from laptop and papers.",at_desk
train/distracted/distracted_356.jpg,train,img_60d281a2de56,phone,face_or_body,True,in_use,phone,"Person is talking on phone, facing away from laptop.",distracted
train/at_desk/at_desk_p31666035.jpg,train,img_6119cfa825b4,,hands_only,True,none,work,Student typing on laptop with open book.,at_desk
eval/at_desk/at_desk_p5749141.jpg,eval,img_6201e1385df7,,hands_only,True,none,work,Student is typing on a laptop at a desk.,at_desk
train/uncertain/main_uncertain_b29c49ffccac.jpg,eval,img_6201e1385df7,,hands_only,True,none,unclear,Hands visible on desk with mouse; face obscured by pixelation.,uncertain
train/distracted/main_distracted_02deef18f7de.jpg,train,img_6212a9e9b9bc,,face_or_body,False,none,elsewhere,"Person wearing VR headset and headphones, looking upward; no desk visible.",distracted
train/distracted/distracted_276.jpg,train,img_62170136553a,phone,face_or_body,True,in_use,phone,"Person using phone at desk, work materials visible nearby.",distracted
train/away/away_p9300730.jpg,train,img_622579d2a98b,,none,True,none,unclear,"Empty desk with laptop, no person visible.",away
eval/at_desk/main_at_desk_6e76a4bd99d2.jpg,eval,img_62357ed4773c,focused,face_or_body,True,none,work,Student is looking at the laptop screen.,at_desk
train/at_desk/main_at_desk_6c459c1b5dbc.jpg,train,img_623926c4863d,focused,face_or_body,True,none,work,Person is blurred but appears to be typing on laptop.,at_desk
eval/distracted/distracted_091.jpg,eval,img_6246c3844595,phone,face_or_body,True,in_use,phone,Person holding phone over desk with papers.,distracted
train/distracted/distracted_384.jpg,train,img_6284040127bf,phone,face_or_body,True,in_use,phone,"Student holding phone with both hands, looking at screen.",distracted
train/distracted/distracted_204.jpg,train,img_63adc87bebc9,phone,face_or_body,True,in_use,phone,"Student holding and looking at phone, not focused on work.",distracted
eval/away/away_p29422356.jpg,eval,img_63b2f45f9d07,,none,False,none,unclear,"Empty room with a chair, no person visible.",away
eval/at_desk/at_desk_p5301652.jpg,eval,img_63c93c7258cc,unfocused,face_or_body,True,none,elsewhere,Person holding a coffee cup and looking away from the laptop.,at_desk
train/away/away_p4940716.jpg,train,img_6421c608ccfa,,none,True,none,unclear,No person visible in the image.,away
eval/away/away_p5483188.jpg,eval,img_642462e771b2,,none,True,none,unclear,"Empty desk with open notebook, no person visible.",away
train/at_desk/main_at_desk_7a2820ff33e6.jpg,train,img_642dde1c3564,phone,face_or_body,True,in_use,phone,Woman using phone while seated at desk.,at_desk
train/away/main_away_94f13511c791.jpg,train,img_643aba93e7ab,,none,True,none,unclear,"Empty workspace with chairs and table, no person present.",away
train/away/away_p17331856.jpg,train,img_645dbc127c16,,none,False,none,unclear,"Image shows bicycles outdoors, no person or workspace visible.",away
train/distracted/distracted_354.jpg,train,img_64972941f993,phone,face_or_body,False,in_use,phone,Student on beach using phone and laptop.,distracted
train/distracted/distracted_050.jpg,train,img_64a0f701fe81,,face_or_body,False,none,camera,"Group in life jackets, one person looking back at camera.",distracted
eval/away/away_p5793947.jpg,eval,img_64f7320733ba,,none,True,none,unclear,No person is visible in the image.,away
train/away/main_away_168f5f52803b.jpg,train,img_6518d0c79fe5,,face_or_body,True,none,camera,"Two men at a large desk, seated man looks at camera.",away
eval/at_desk/main_at_desk_a238688a0e98.jpg,eval,img_6537868a301b,,hands_only,True,none,work,"Hands typing on laptop keyboard, focused on screen.",at_desk
train/at_desk/at_desk_p39219771.jpg,train,img_6551e7f07fe4,focused,face_or_body,True,none,work,"Man typing on laptop, appears focused on work.",at_desk
train/at_desk/at_desk_p7237211.jpg,train,img_65857411cc37,,face_or_body,True,none,unclear,Student at computer wearing glasses and mask.,at_desk
eval/away/away_p946310.jpg,eval,img_6591bbd3d0cc,,none,False,none,unclear,"Image shows a building facade, no person visible.",away
train/distracted/distracted_079.jpg,train,img_65d9819383d0,phone,face_or_body,True,in_use,phone,Person using smartphone at a dining table with food.,distracted
train/away/away_p265129.jpg,train,img_65f1363e1660,,none,True,none,unclear,No person visible in the frame.,away
train/away/rafast_chair_00076.jpg,train,img_661c9f8d00e2,,none,True,none,unclear,No person visible to judge attention level.,away
train/away/away_p19304048.jpg,train,img_66494b0b1fcd,,none,True,none,unclear,No person is visible in the image.,away
train/at_desk/main_at_desk_b975fe824b2b.jpg,train,img_6658be3d2615,focused,face_or_body,True,none,work,Student reading a paper at a desk.,at_desk
train/away/away_p6177632.jpg,train,img_66ca6dbb2133,,none,True,none,unclear,"Empty desk, no person visible.",away
train/away/away_p6370255.jpg,train,img_670a946a105f,,none,True,none,unclear,No person is visible in the image.,away
train/away/away_p8453800.jpg,train,img_676fc01b7a13,,none,True,none,unclear,"Empty room, no person visible.",away
train/at_desk/at_desk_p8691820.jpg,train,img_677952df4de1,focused,face_or_body,True,none,work,"Student typing at desk, looking at monitor.",at_desk
train/away/away_p36331296.jpg,train,img_679f1bd8ef90,,none,True,none,unclear,"No person visible, so attention cannot be judged.",away
train/away/away_p6372814.jpg,train,img_67f1932eb2be,,none,True,none,unclear,No person is visible in the image.,away
train/distracted/main_distracted_89fc6fa9b004.jpg,train,img_67f931ae1df0,,face_or_body,False,idle,camera,Woman on couch holding landline handset toward camera.,distracted
train/away/rafast_chair_00011.jpg,train,img_6806df4e065d,,none,False,none,unclear,"Image shows only an empty office chair, no person present.",away
train/at_desk/at_desk_p5538321.jpg,train,img_681867cbe907,focused,face_or_body,True,none,work,Student writing in notebook while looking at laptop.,at_desk
train/at_desk/at_desk_p3184459.jpg,train,img_683a92961c01,focused,face_or_body,True,idle,work,"Student typing on laptop, phone is idle on desk.",at_desk
train/at_desk/at_desk_p12899190.jpg,train,img_6852b623099a,focused,face_or_body,True,none,work,Person looking intently at laptop screen.,at_desk
train/away/rafast_chair_00061.jpg,train,img_68717623a827,,none,False,none,unclear,Image shows a camping chair with no person or workspace.,away
train/away/away_p36497528.jpg,train,img_688786d6e338,,none,True,none,unclear,No person is visible in the image.,away
eval/away/away_p7054521.jpg,eval,img_689df93595d3,,none,True,idle,unclear,"Laptop and phone visible, but no person present.",away
eval/away/away_p11952176.jpg,eval,img_68b609efdf37,,none,True,none,unclear,No person visible in the frame to assess.,away
train/away/away_p19328778.jpg,train,img_68d011a46965,,none,True,none,unclear,"Empty desk with laptop and notebook, no person visible.",away
train/distracted/distracted_358.jpg,train,img_68d06b01e57a,phone,face_or_body,False,in_use,elsewhere,"Student standing and talking on phone, holding book.",distracted
train/away/away_p5942730.jpg,train,img_68d316de68de,,none,True,none,unclear,"Empty workspace with laptop, no person visible.",away
train/away/away_p29152435.jpg,train,img_68dbeaec1efe,,none,True,idle,unclear,"Empty desk with phone, no person visible.",away
eval/at_desk/at_desk_p33349204.jpg,eval,img_692d97fcece6,,none,True,none,unclear,No person visible; workspace setup only.,at_desk
train/distracted/distracted_071.jpg,train,img_695014c45169,phone,face_or_body,False,in_use,elsewhere,"Woman on phone outdoors, looking away from camera.",distracted
train/at_desk/main_at_desk_ccdfdc2f8fc5.jpg,train,img_69677bf774ce,,face_or_body,False,none,unclear,"Abstract or thermal image shows person; no desk, phone, or clear attention.",at_desk
eval/away/away_p12662890.jpg,eval,img_697869ab66b1,,none,False,none,unclear,"Empty desk with laptop, no person visible.",away
eval/away/away_p8297846.jpg,eval,img_699b84623bb2,,none,True,none,unclear,Empty workspace with no person visible.,away
train/at_desk/at_desk_p1548864.jpg,train,img_69b4db06e604,unfocused,face_or_body,True,none,elsewhere,Man looking up at paper held by another person.,at_desk
train/distracted/distracted_124.jpg,train,img_6a1caaa551ea,phone,face_or_body,True,in_use,phone,"Person holding phone, likely distracted from laptop work.",distracted
train/at_desk/at_desk_p8472950.jpg,train,img_6a49f31419e0,focused,face_or_body,False,none,work,Student sitting on floor using laptop with papers.,at_desk
train/distracted/main_distracted_c781844492ed.jpg,train,img_6a5b7f22fd5d,,face_or_body,False,none,elsewhere,Group standing outdoors; no desk or workspace visible.,distracted
train/distracted/distracted_265.jpg,train,img_6a7098240bd7,phone,face_or_body,True,in_use,phone,Man looking at phone held in both hands.,distracted
train/distracted/distracted_363.jpg,train,img_6a9cf67c84a7,phone,face_or_body,True,in_use,phone,Student looking at phone while seated at desk.,distracted
train/distracted/distracted_230.jpg,train,img_6a9d9563b6d0,phone,hands_only,True,in_use,phone,Hands holding phone in front of laptop screen.,distracted
eval/distracted/distracted_038.jpg,eval,img_6aabd0b396ce,phone,face_or_body,False,in_use,phone,"Multiple people standing, no desk visible, using phones.",distracted
train/distracted/distracted_164.jpg,train,img_6ad30d1f4e19,phone,face_or_body,False,in_use,phone,Person lying on bed looking at phone.,distracted
train/away/main_away_5dd7fca96915.jpg,train,img_6af1d1edb037,,none,False,none,unclear,No person visible in the image.,away
eval/distracted/main_distracted_9e3c548a7027.jpg,eval,img_6afdf6a16ae4,,none,False,none,unclear,"Screenshot of text selection interface, no person or physical workspace visible.",distracted
train/away/away_p8353783.jpg,train,img_6b118f6c1d01,,none,True,none,unclear,"Empty workspace with multiple monitors, no person visible.",away
train/away/main_away_b93b5154520d.jpg,train,img_6bb2693f8586,focused,face_or_body,True,none,work,Historical painting of workers at a factory.,away
eval/away/away_p17460303.jpg,eval,img_6bb3916f31c9,,none,False,none,unclear,No person visible. Image shows an empty hallway with windows.,away
train/away/away_p38244374.jpg,train,img_6c14e45354da,,none,True,none,unclear,Empty room with desks and chairs. No person visible.,away
train/away/away_p6804612.jpg,train,img_6c211ee4a412,,none,True,none,unclear,Empty workspace with no people visible.,away
train/distracted/main_distracted_33cd86d8886a.jpg,train,img_6c6c55b5a02d,,face_or_body,False,idle,elsewhere,"Person looking away from camera, holding idle phone.",distracted
train/at_desk/main_at_desk_85cb8b08e7a2.jpg,train,img_6c77d4ba0799,phone,face_or_body,True,in_use,phone,Woman sitting on floor using laptop while talking on phone.,at_desk
train/distracted/distracted_002.jpg,train,img_6cc99052c2aa,phone,hands_only,True,in_use,phone,Hands holding and interacting with a smartphone in front of a monitor.,distracted
train/distracted/main_distracted_28f2dd88ec03.jpg,train,img_6cc99052c2aa,phone,hands_only,True,in_use,phone,Hands using phone in front of computer monitor.,distracted
train/at_desk/at_desk_p8762862.jpg,train,img_6cd3db4edeeb,,hands_only,False,none,unclear,"Hands holding stack of books against plain wall, no face or workspace visible.",at_desk
train/at_desk/at_desk_p3892808.jpg,train,img_6cd5b4bf9435,,none,False,none,unclear,"Image shows an empty airport runway, no person visible.",at_desk
eval/distracted/main_distracted_c0db1468f5b3.jpg,eval,img_6ceb5eeb6b03,,none,False,in_use,phone,Close-up of phone screen showing concert photo; no student or workspace visible.,distracted
eval/at_desk/at_desk_p9146381.jpg,eval,img_6d171bef2322,,face_or_body,False,none,unclear,"Massage therapy session, no study workspace or student visible.",at_desk
eval/uncertain/main_uncertain_ac8fb3c4ea6a.jpg,eval,img_6d171bef2322,,face_or_body,False,none,elsewhere,"Massage session, no desk or study materials visible.",uncertain
train/at_desk/main_at_desk_7a89729dd853.jpg,train,img_6d4c4aa26700,,none,False,none,unclear,No person visible; image is of handwritten notes on paper.,at_desk
train/distracted/distracted_219.jpg,train,img_6d6015af3275,phone,face_or_body,True,in_use,camera,Girl sits at desk with phone but looks at camera.,distracted
train/distracted/distracted_247.jpg,train,img_6daf60e09497,phone,face_or_body,True,in_use,phone,Man looking at phone while sitting at desk.,distracted
eval/at_desk/main_at_desk_c05510493418.jpg,eval,img_6dc6a02abc7d,focused,face_or_body,True,none,work,Student in uniform using laptop at outdoor solar-powered study shelter.,at_desk
train/away/away_p29358467.jpg,train,img_6dc85cd3766c,,face_or_body,False,none,elsewhere,"Person walking outdoors with umbrella, no workspace or phone visible.",away
train/at_desk/main_at_desk_e83b805806d2.jpg,train,img_6df485140930,,face_or_body,False,none,unclear,"Severely pixelated image; person seated on floor, no desk or phone visible, attention indiscernible.",at_desk
train/uncertain/main_uncertain_14f53432ecb3.jpg,train,img_6df485140930,,face_or_body,False,none,unclear,"Pixelated image; seated person visible, no desk or device identifiable.",uncertain
train/distracted/distracted_313.jpg,train,img_6dfad42faf44,phone,face_or_body,True,in_use,phone,Student looking at phone while sitting at desk with laptop.,distracted
eval/away/main_away_414ee0308cf1.jpg,eval,img_6e2a13b62c7b,unfocused,face_or_body,True,none,elsewhere,Historical caricature. Person at desk addressing seated audience.,away
train/at_desk/at_desk_p7110.jpg,train,img_6e376fe6d275,focused,face_or_body,True,none,work,Student is looking at a computer monitor.,at_desk
train/away/away_p16155280.jpg,train,img_6e3dd24e8c5e,,none,True,none,unclear,"Empty workspace with laptop, no person visible.",away
eval/away/main_away_1d3c71c76e08.jpg,eval,img_6e671006373a,,none,False,none,unclear,Sketch of room interior with bust and shelves; no person visible.,away
eval/away/away_p5710689.jpg,eval,img_6e6b24adc2cb,,none,True,none,unclear,No person is visible in the image.,away
eval/at_desk/at_desk_016.jpg,eval,img_6e88283c2284,,hands_only,True,none,unclear,"Hands interacting with laptop, face not visible.",at_desk
eval/distracted/distracted_025.jpg,eval,img_6ed509c3ef3b,,face_or_body,False,none,camera,"Man in garage working on tire machine, looking at camera.",distracted
train/uncertain/main_uncertain_a4327137e6be.jpg,train,img_6edd1dcf0ec2,focused,face_or_body,True,none,work,"Girl writing at desk with tablet on stand, focused on work.",uncertain
train/distracted/distracted_119.jpg,train,img_6eed992d9bff,phone,hands_only,True,in_use,phone,Hands holding and using phone over a laptop.,distracted
train/distracted/main_distracted_42b3de5afd22.jpg,train,img_6f5f33d19570,,none,False,none,unclear,Image is out of focus and shows no person or workspace.,distracted
train/at_desk/main_at_desk_664afbc8c689.jpg,train,img_6fab768f1df5,focused,face_or_body,True,none,work,Student is typing on a laptop at a table.,at_desk
eval/at_desk/main_at_desk_05a753b426ef.jpg,eval,img_6fbfcc2a228a,unfocused,face_or_body,True,none,elsewhere,Student is raising hand and looking at teacher.,at_desk
train/at_desk/at_desk_011.jpg,eval,img_6fbfcc2a228a,unfocused,face_or_body,True,none,elsewhere,"Student raising hand, facing teacher at the front.",at_desk
eval/distracted/distracted_161.jpg,eval,img_6ffa7d5f0e0d,,face_or_body,True,idle,camera,Student holds phone but looks at camera and gives thumbs up.,distracted
train/at_desk/at_desk_p16420458.jpg,train,img_702f676f15ee,focused,face_or_body,True,none,work,Student group collaborating at a desk with laptops.,at_desk
train/at_desk/main_at_desk_6de110dec591.jpg,train,img_7032fa1a8947,focused,face_or_body,True,none,work,Student writing in notebook at desk.,at_desk
train/at_desk/at_desk_p5530447.jpg,train,img_7053b95228f4,focused,face_or_body,True,none,work,Student looking at computer monitor in a classroom setting.,at_desk
eval/away/rafast_chair_00090.jpg,eval,img_70876a876323,,none,False,none,unclear,"Image shows an empty chair, no person visible.",away
train/away/rafast_chair_00015.jpg,eval,img_70876a876323,,none,False,none,unclear,"Image contains only an office chair, no person visible.",away
train/away/rafast_chair_00016.jpg,eval,img_70876a876323,,none,False,none,unclear,"Image shows a chair, not a student.",away
train/away/rafast_chair_00017.jpg,eval,img_70876a876323,,none,False,none,unclear,"Image shows an empty gaming chair, no person is present.",away
eval/distracted/distracted_118.jpg,eval,img_70a29f404d3d,,hands_only,True,idle,unclear,Person holds phone; face not visible to determine attention.,distracted
eval/at_desk/at_desk_p7988081.jpg,eval,img_70bba8222a7d,focused,face_or_body,True,none,work,Student is coding on a desktop computer.,at_desk
train/at_desk/at_desk_p10638068.jpg,train,img_70caadbda513,focused,face_or_body,True,none,work,"Student looking at computer monitor, appears focused.",at_desk
train/at_desk/at_desk_p7654489.jpg,train,img_70d325371d1d,focused,face_or_body,True,none,work,"Woman seated at desk, looking at laptop screen.",at_desk
train/away/main_away_ee514d8e05fc.jpg,train,img_70d4ad1266d8,,none,True,none,unclear,"Empty office space, no person visible.",away
eval/at_desk/at_desk_p7988086.jpg,eval,img_70d67f256d89,,hands_only,True,none,work,"Hands typing on laptop, focused on coding work.",at_desk
eval/away/away_p9300721.jpg,eval,img_70f5cc07476c,,none,True,none,unclear,"Empty workspace with laptop, no person visible.",away
eval/at_desk/at_desk_p32330792.jpg,eval,img_710cdce277ff,,face_or_body,False,none,camera,"Child looking directly at camera, no workspace visible.",at_desk
train/distracted/main_distracted_b02eb9f371c5.jpg,train,img_711f8632568a,,face_or_body,False,none,elsewhere,Street vendor scene with cart; no desk or student workspace visible.,distracted
train/distracted/distracted_138.jpg,train,img_71a0513025b2,phone,hands_only,True,in_use,phone,Hand holding and looking at smartphone next to laptop.,distracted
train/at_desk/main_at_desk_74c64cca8d00.jpg,train,img_71e392b7539d,,none,True,none,unclear,"Desk with pen holder and laptop visible, no person in frame.",at_desk
train/uncertain/main_uncertain_ee550b14a22b.jpg,train,img_71e392b7539d,,none,True,none,unclear,"Desk workspace with laptop and pencil holder, no person visible.",uncertain
train/distracted/distracted_145.jpg,train,img_71e72fd618db,phone,face_or_body,False,in_use,phone,"Person sitting on bed, using phone and laptop.",distracted
train/at_desk/at_desk_p8199762.jpg,train,img_7205badf0cae,focused,face_or_body,False,none,work,Person standing by bookshelves reading a book.,at_desk
train/away/away_p4138153.jpg,train,img_723214571fd2,,none,True,none,unclear,No person is visible in the image.,away
train/distracted/distracted_218.jpg,train,img_7260ed275612,phone,face_or_body,True,in_use,phone,Student focused on phone while another student watches.,distracted
train/at_desk/at_desk_p16282320.jpg,train,img_727951b5d128,focused,face_or_body,True,none,work,Man writing in notebook with laptop open.,at_desk
train/away/away_p3712597.jpg,train,img_729ef06e79f6,,none,True,none,unclear,Empty workspace with no person visible.,away
train/at_desk/at_desk_p9052803.jpg,train,img_72c2873ebf02,,hands_only,True,none,work,"Hands typing on laptop, screen showing work.",at_desk
train/at_desk/at_desk_p4260483.jpg,train,img_72e10e915a46,focused,face_or_body,True,none,work,Girl writing in notebook with laptop open nearby.,at_desk
train/away/away_p3767170.jpg,train,img_72f339c5abdc,,none,True,none,unclear,Empty conference room with no people visible.,away
train/away/away_p20486991.jpg,train,img_72f6179c2b79,,none,False,none,unclear,"No person visible; cluttered space with guitars, boxes, and desk items.",away
eval/at_desk/at_desk_p806835.jpg,eval,img_7319afb50840,focused,face_or_body,True,none,work,Student looking at laptop screen while typing.,at_desk
train/away/away_p6044821.jpg,train,img_7322cf4f3512,,none,True,idle,unclear,"No person visible, workspace setup present with idle phone on desk.",away
train/at_desk/at_desk_p9159042.jpg,train,img_7337468424ff,focused,face_or_body,True,none,work,Student focused on laptop while teacher observes.,at_desk
train/away/main_away_f824ab58d57c.jpg,train,img_736f49965807,,none,False,none,unclear,Outdoor scene with no person visible.,away
train/distracted/distracted_423.jpg,train,img_739ac86e5f4a,phone,face_or_body,True,in_use,phone,Student looking at and using phone.,distracted
train/away/away_p7652511.jpg,train,img_73b004aef08d,,none,True,idle,unclear,No person visible. Phone rests on table.,away
eval/away/away_p10988763.jpg,eval,img_73f144e0a85b,,none,False,none,unclear,Empty room with no person visible.,away
eval/at_desk/at_desk_p5749140.jpg,eval,img_73f86f3f092c,focused,face_or_body,True,none,work,"Person typing on laptop, focused on work.",at_desk
train/at_desk/at_desk_p11208031.jpg,train,img_740421c7904b,,hands_only,True,none,work,"Hands typing on laptop, screen active.",at_desk
train/away/main_away_a628d21e1384.jpg,train,img_74b1ec75956f,,none,False,none,unclear,"Outdoor scene with chairs and banner, no person visible.",away
train/away/main_away_90fc32b20fd9.jpg,train,img_74d12dc1a7fb,,face_or_body,True,none,camera,"Two men in office, seated man looks at camera.",away
train/distracted/main_distracted_92663e3b3169.jpg,train,img_74d600bc3553,,none,False,idle,unclear,"Phone lying on surface showing social media apps, no person visible.",distracted
train/away/away_p8297862.jpg,train,img_74d67b6a2b91,,none,True,none,unclear,"Empty office desk with computer, no person visible.",away
train/away/rafast_chair_00045.jpg,train,img_7510fff12356,,none,False,none,unclear,"Image shows an empty office chair, no person visible.",away
train/away/main_away_5c4081dfa086.jpg,train,img_7569147e4d93,,face_or_body,False,none,elsewhere,"Person doing yoga, not at a desk or working.",away
train/away/away_p12662878.jpg,train,img_757d4216b6a8,,none,True,none,unclear,No person is visible in the image.,away
train/distracted/distracted_248.jpg,train,img_759ed5bbd6f5,phone,face_or_body,True,in_use,phone,"Student looking at phone, ignoring open laptop and notebook.",distracted
train/away/away_p6045725.jpg,train,img_75ed159815a7,,none,True,idle,unclear,Empty desk with computer and phone.,away
train/at_desk/at_desk_p5905703.jpg,train,img_7624ef94f6a0,focused,face_or_body,True,none,work,"Student looking at laptop screen, taking notes.",at_desk
train/away/main_away_5c71f267ff7e.jpg,train,img_763f37ddaf46,,face_or_body,False,none,unclear,Historical political cartoon; no student workspace or modern devices visible.,away
train/distracted/distracted_090.jpg,train,img_76571b94a9a3,,hands_only,True,idle,work,Person writing in planner with phone nearby.,distracted
train/at_desk/main_at_desk_3a4d6e7f37ce.jpg,train,img_7660d467e5a1,,none,False,none,unclear,No person visible; image shows library bookshelves only.,at_desk
train/distracted/main_distracted_9cc0bd1f6260.jpg,train,img_7718fd9da6d5,phone,face_or_body,False,in_use,phone,"Student is outdoors, looking at phone, not at a workspace.",distracted
train/at_desk/main_at_desk_76966ed1cac5.jpg,train,img_7772d55d6058,focused,face_or_body,True,none,work,"Person is using a laptop, focused on the screen.",at_desk
train/uncertain/main_uncertain_c95ec8f447c6.jpg,train,img_7772d55d6058,focused,face_or_body,True,none,work,Heavily blurred image; student posture suggests focus on laptop screen.,uncertain
train/distracted/main_distracted_ce4ba94de4ad.jpg,train,img_778b9d9592a3,phone,face_or_body,False,in_use,phone,"Outdoor group scene, no desk, person in purple using a phone.",distracted
train/at_desk/at_desk_p8199257.jpg,train,img_7794b59da144,focused,face_or_body,True,none,work,Student typing on laptop at desk with books.,at_desk
train/away/rafast_chair_00018.jpg,train,img_77bb368e5648,,none,False,none,unclear,No person is visible in the image.,away
train/away/main_away_864a2ae06653.jpg,train,img_77c150140cbd,,none,False,none,unclear,No person visible in this image.,away
train/away/away_p8465080.jpg,train,img_77db4b945931,,none,True,none,unclear,Empty workspace visible. No person present to judge attention.,away
train/at_desk/at_desk_p6077090.jpg,train,img_781cb2a31a03,,hands_only,True,none,work,"Hands typing on laptop keyboard, indicating focus on work.",at_desk
train/uncertain/main_uncertain_5d088d41aad3.jpg,train,img_781cb2a31a03,,hands_only,True,none,work,"Blurry image of hands typing on laptop, no face visible.",uncertain
train/away/main_away_5e5e28098f0f.jpg,train,img_784bb6ede2fd,,none,True,none,unclear,"No person visible. Workspace contains computer, headphones, and lamp.",away
train/distracted/distracted_221.jpg,train,img_78c2aaa33542,phone,face_or_body,True,in_use,phone,"Student holding phone, looking at screen, books on desk.",distracted
train/away/away_p5082565.jpg,train,img_792b86e844de,,none,True,none,unclear,"Empty desk with computer, no person visible.",away
train/distracted/main_distracted_66dd7c50b8a5.jpg,train,img_7976032fc08d,phone,face_or_body,False,in_use,phone,"Person wearing mask, holding phone and traffic light outdoors.",distracted
train/distracted/distracted_131.jpg,train,img_797880c0ab26,phone,face_or_body,False,in_use,phone,Person holding and looking at phone.,distracted
train/distracted/main_distracted_ceecfeadaebf.jpg,train,img_7991a4a9a036,phone,hands_only,True,in_use,phone,"Person using smartphone, ignoring laptop and notebook.",distracted
eval/distracted/distracted_036.jpg,eval,img_79a198d737d2,,face_or_body,False,none,elsewhere,"Mechanic working on tire in garage, not student at desk.",distracted
train/at_desk/at_desk_p4050473.jpg,train,img_79b1da8d8368,,hands_only,True,none,work,Person is typing and holding a mug at a desk.,at_desk
train/distracted/distracted_278.jpg,train,img_79d38028cacd,phone,face_or_body,True,in_use,phone,Man looking at phone held in hand.,distracted
train/at_desk/main_at_desk_1d7e11adbc94.jpg,train,img_7a08e7291da9,focused,face_or_body,True,none,work,Astronauts working at computer consoles in space station.,at_desk
train/distracted/distracted_296.jpg,train,img_7a2543a4f3bd,phone,face_or_body,True,in_use,phone,Student is using phone at a desk.,distracted
train/at_desk/at_desk_p36123565.jpg,train,img_7a46e26acd3b,,none,True,none,unclear,No person visible in the image.,at_desk
train/distracted/distracted_234.jpg,train,img_7a5ce50e6be4,phone,hands_only,True,in_use,phone,Hand holding phone with loading screen visible.,distracted
train/distracted/main_distracted_70a057819d3f.jpg,train,img_7a7aceb8b744,,face_or_body,False,none,camera,"Person posing in costume, not in a workspace.",distracted
train/away/away_p7534210.jpg,train,img_7a81646ce6c6,,none,False,none,unclear,No person is visible in the image.,away
train/distracted/distracted_228.jpg,train,img_7a8dddc6787c,phone,face_or_body,False,in_use,phone,Student looking at phone with lollipop in mouth.,distracted
eval/at_desk/at_desk_017.jpg,eval,img_7a9e914938d8,unfocused,face_or_body,True,none,elsewhere,"Three students interacting at a table, not focused on work.",at_desk
eval/at_desk/main_at_desk_11d8ba7fccb0.jpg,eval,img_7ad7111538d5,,face_or_body,False,none,elsewhere,Multiple people socializing; no desk or work surface visible.,at_desk
eval/away/rafast_chair_00099.jpg,eval,img_7ae4fd9c9812,,none,False,none,unclear,Image shows an empty chair and ottoman.,away
eval/away/main_away_90bd599ec513.jpg,eval,img_7b29d24205d4,,none,False,none,unclear,"Empty classroom, no student visible.",away
eval/away/away_p5918384.jpg,eval,img_7b861544666e,unfocused,face_or_body,True,none,elsewhere,Man at desk gesturing and looking away from screen.,away
train/distracted/distracted_388.jpg,train,img_7b882198ac55,phone,face_or_body,True,in_use,phone,Student smiling and looking at phone in hands.,distracted
train/at_desk/at_desk_p16420237.jpg,train,img_7be4a11f2ae0,focused,face_or_body,True,none,work,Student typing on laptop with open book nearby.,at_desk
train/at_desk/at_desk_p6930581.jpg,train,img_7bf1232b8aec,focused,face_or_body,True,none,work,"Student looking at laptop screen, hands on keyboard.",at_desk
eval/away/away_p7651639.jpg,eval,img_7bfcfeffd290,focused,face_or_body,True,idle,work,Three students working at a long desk.,away
eval/at_desk/at_desk_p3414792.jpg,eval,img_7c0cf521f1d5,,none,True,none,unclear,Empty desk with laptop open; no person visible.,at_desk
eval/distracted/distracted_196.jpg,eval,img_7c1b9a29edde,phone,hands_only,True,in_use,phone,"Student holding phone, looking at screen with notebook on lap.",distracted
train/away/rafast_chair_00002.jpg,train,img_7c30837498f5,,none,False,none,unclear,"Image shows an empty office chair, no person visible.",away
train/distracted/main_distracted_17e29b5bce1f.jpg,train,img_7c7444639115,phone,hands_only,False,in_use,phone,"Hands holding phone, not at a desk.",distracted
train/at_desk/at_desk_p6322070.jpg,train,img_7c883f12b4d7,,none,False,none,unclear,Street scene with no person visible.,at_desk
train/away/away_p9300769.jpg,train,img_7c969298e9df,,none,True,none,unclear,"Empty workspace, no person visible.",away
train/distracted/main_distracted_6c0e057cd866.jpg,train,img_7d10bb512203,phone,hands_only,False,in_use,phone,Hand holding phone with screen on. No desk visible.,distracted
train/at_desk/at_desk_p7455908.jpg,train,img_7d17422599b1,focused,face_or_body,True,none,work,"Person typing on laptop, focused on screen.",at_desk
train/distracted/distracted_073.jpg,train,img_7d599957b113,phone,face_or_body,True,in_use,phone,"Student sitting at desk, distracted by phone usage.",distracted
train/distracted/distracted_394.jpg,train,img_7d729966f1bc,phone,hands_only,True,in_use,phone,Person holding and interacting with a smartphone over a desk.,distracted
train/distracted/main_distracted_293c005ba494.jpg,train,img_7d7cdf4d59e7,phone,face_or_body,False,in_use,phone,Person wearing helmet and life vest using radio.,distracted
train/at_desk/main_at_desk_42a796e0c8f5.jpg,train,img_7dc47504f58d,focused,face_or_body,True,none,work,"Student at desk writing in notebook, teacher standing nearby.",at_desk
train/at_desk/at_desk_p8204363.jpg,train,img_7dca2217d17d,unfocused,face_or_body,True,none,elsewhere,Seated woman in yellow looking up at standing colleague.,at_desk
eval/at_desk/main_at_desk_5c9469dcc1a0.jpg,eval,img_7dd70767ae3a,,face_or_body,False,none,unclear,"Artistic image, no clear workspace or activity visible.",at_desk
train/distracted/distracted_328.jpg,train,img_7e0f6cab0849,phone,face_or_body,False,in_use,phone,"Student standing with books, looking at phone.",distracted
train/at_desk/main_at_desk_81e75791b6b7.jpg,train,img_7e5b311701c5,,face_or_body,True,none,camera,Student looking at camera with laptop open,at_desk
train/away/away_p6044924.jpg,train,img_7e661ad763a3,,none,True,none,unclear,Empty workspace with no person visible.,away
train/uncertain/main_uncertain_426f0976678a.jpg,train,img_7e9c2d0c2145,unfocused,face_or_body,True,none,elsewhere,"Student seated at desk, turned to face a standing person.",uncertain
train/at_desk/main_at_desk_e7fbd278e088.jpg,train,img_7ebdfbfd5cf4,,hands_only,True,none,work,"Hands typing on laptop keyboard, clearly working.",at_desk
train/distracted/distracted_231.jpg,train,img_7ef533fd12b1,phone,hands_only,True,in_use,phone,"Hands holding phone, monitor visible in background.",distracted
train/distracted/main_distracted_e56ab3544dc6.jpg,train,img_7f0c5a2c71fe,focused,face_or_body,True,none,work,"Person in traditional attire playing instrument at outdoor table, focused on music stand.",distracted
train/at_desk/main_at_desk_1023ce4b4a93.jpg,train,img_7f2aa25baea0,focused,face_or_body,True,none,work,"Student typing on laptop, focused on screen.",at_desk
train/away/away_p5483057.jpg,train,img_7f7bd3eb5bf6,focused,face_or_body,True,none,work,Student looking down at desk surface.,away
train/away/away_p20849980.jpg,train,img_7f7f642c3150,,none,False,none,unclear,No person is visible in the image.,away
eval/distracted/distracted_137.jpg,eval,img_7f8c6d6335d9,phone,face_or_body,True,in_use,phone,"Student is in bed looking at phone, ignoring laptop.",distracted
train/away/away_p9300767.jpg,train,img_7faf18a5a3e0,,none,True,none,unclear,Empty conference room with chairs and tables.,away
train/at_desk/at_desk_p7241616.jpg,train,img_8098ffe8b567,focused,face_or_body,True,idle,work,"Student typing on laptop, phone idle on desk.",at_desk
train/at_desk/main_at_desk_669cc7757be4.jpg,train,img_80b57abdfab1,,face_or_body,False,none,elsewhere,"Woman outdoors holding an animal, not at a desk.",at_desk
train/at_desk/main_at_desk_974059dc6fbe.jpg,train,img_80b8481091b6,,none,True,none,unclear,"No person visible. Desk contains laptop, notebook, bottles, and comb.",at_desk
train/at_desk/at_desk_p6930599.jpg,train,img_80bf2272797c,unfocused,face_or_body,True,idle,elsewhere,"Student looking away from book, gazing to the side.",at_desk
eval/distracted/distracted_153.jpg,eval,img_80e8fd97fb44,focused,face_or_body,False,idle,work,"Person lying on bed using laptop, phone nearby.",distracted
train/away/away_p7147472.jpg,train,img_80ec29362fa0,,none,True,none,unclear,"Empty workspace, no person visible to judge attention.",away
train/at_desk/main_at_desk_cd852c9116e8.jpg,train,img_811e57343022,,hands_only,True,idle,work,"Phone is on notebook, hands are typing on laptop.",at_desk
train/distracted/distracted_270.jpg,train,img_8124b580ba79,phone,face_or_body,True,in_use,phone,Girl looking at phone while boy stands behind her.,distracted
train/at_desk/main_at_desk_39c51a70a0fd.jpg,train,img_81506da03a3b,focused,face_or_body,True,none,work,Student focused on laptop screen with hands on keyboard.,at_desk
eval/at_desk/at_desk_p26799322.jpg,eval,img_8199944e21c9,focused,face_or_body,True,none,work,Student is smiling and looking at laptop screen.,at_desk
train/away/away_p8534380.jpg,train,img_81b07c6bf9c2,,none,True,none,unclear,"Laptop on armchair, no person visible.",away
train/at_desk/main_at_desk_348539416bb3.jpg,train,img_81b199215ca8,,none,False,none,unclear,Image shows a glass door with no person visible.,at_desk
train/at_desk/main_at_desk_25c18acec4a8.jpg,train,img_81e0374bc0b5,,face_or_body,True,none,camera,Student holding tablet but looking at camera.,at_desk
train/at_desk/main_at_desk_01ef91caa3e4.jpg,train,img_829137163468,,none,True,none,unclear,No person visible in the frame.,at_desk
train/at_desk/at_desk_p5934547.jpg,train,img_8294186c54e6,focused,face_or_body,True,none,work,Girl writing in notebook at desk with laptop.,at_desk
train/distracted/main_distracted_b36b8e91552f.jpg,train,img_829f046363a0,phone,face_or_body,False,in_use,elsewhere,"Crowd outdoors, multiple phones held up, no desk or work surface.",distracted
train/away/away_p8297853.jpg,train,img_82ea0fd23b52,,none,True,none,unclear,No person is visible in the image.,away
train/uncertain/main_uncertain_6678784772f0.jpg,train,img_82ed8b886478,,hands_only,True,none,unclear,Very dark image; hands typing on laptop; face not visible.,uncertain
train/at_desk/main_at_desk_0c4dff0983ec.jpg,train,img_8308718b9245,,face_or_body,False,none,camera,"Historical portrait, not a student at a desk.",at_desk
train/at_desk/main_at_desk_60a3d80c823d.jpg,train,img_8308718b9245,,face_or_body,False,none,elsewhere,Formal portrait of a man in uniform looking away.,at_desk
train/at_desk/at_desk_p8199664.jpg,train,img_83294ee51946,focused,face_or_body,True,none,work,"Woman looking at laptop screen, man looking at same screen.",at_desk
train/at_desk/main_at_desk_44ca9207c77d.jpg,train,img_837c711a6f25,,face_or_body,False,none,unclear,"Pixelated full-body figure visible; no workspace, phone, or clear gaze direction.",at_desk
train/distracted/main_distracted_7b72297e751e.jpg,train,img_83e647eae628,,face_or_body,False,none,camera,"Group photo on auditorium steps, no desk, facing camera.",distracted
eval/at_desk/main_at_desk_7abd888b2104.jpg,eval,img_83f997ca9078,focused,face_or_body,False,none,work,"Statue of student reading a book, not a live webcam feed.",at_desk
train/distracted/main_distracted_3ecfff68f820.jpg,train,img_8410cd6251d2,focused,face_or_body,True,none,work,Student is typing on a laptop.,distracted
train/away/main_away_e2fcd4375a12.jpg,train,img_841bb2c33062,,none,False,none,unclear,Architectural drawing of the Fourth Ward School; no person visible.,away
train/away/away_p7651627.jpg,train,img_842953988e3c,,none,True,none,unclear,No person is visible in the image.,away
train/uncertain/main_uncertain_8ceb71455efb.jpg,train,img_8448be510bc2,phone,face_or_body,True,in_use,phone,"Person sitting at desk, holding phone to ear.",uncertain
train/away/away_p8297848.jpg,train,img_844ffc00b9f9,,none,True,none,unclear,"Empty office chairs, no people visible.",away
train/distracted/distracted_331.jpg,train,img_84787b4188ea,phone,face_or_body,False,in_use,phone,"Student sitting on grass using phone, laptop nearby.",distracted
train/away/away_001.jpg,train,img_84b1d8285d65,,none,True,none,unclear,No person visible in the image.,away
train/away/main_away_9c16b9abd266.jpg,train,img_84b1d8285d65,,none,True,none,unclear,"Empty workspace with computers, no person visible.",away
train/away/main_away_90e4ebc4049b.jpg,train,img_84c0be315545,,hands_only,True,none,unclear,"Hands near painting supplies, face not visible.",away
train/distracted/main_distracted_b5a4121c1d72.jpg,train,img_84c0d9a708e6,phone,face_or_body,False,in_use,phone,Two people standing outdoors looking at phones.,distracted
train/away/away_p4884110.jpg,train,img_8540ca521889,,none,True,none,unclear,"No person visible, so attention cannot be determined.",away
train/at_desk/at_desk_p5303549.jpg,train,img_85412a23010f,focused,face_or_body,True,idle,work,"Student watching laptop screen at desk, phone idle nearby.",at_desk
train/away/away_p8423433.jpg,train,img_855716923a76,,none,True,none,unclear,"Empty classroom, no person visible.",away
train/at_desk/main_at_desk_b400d7436b30.jpg,train,img_85a5b18365b8,,hands_only,True,none,unclear,"Hands typing on laptop keyboard, face not visible.",at_desk
eval/distracted/distracted_376.jpg,eval,img_85c09897d14f,phone,face_or_body,True,in_use,phone,Student is looking at phone while sitting at desk.,distracted
eval/away/rafast_chair_00097.jpg,eval,img_85c6fef54c14,,none,False,none,unclear,Image shows an empty office chair with no person.,away
train/at_desk/at_desk_p4925947.jpg,train,img_85f08dbfa82e,focused,face_or_body,True,none,work,Student is focused on laptop screen.,at_desk
train/at_desk/at_desk_006.jpg,train,img_85fc07adf0e6,unfocused,face_or_body,True,none,elsewhere,"Person shaking hands, not focused on work.",at_desk
train/at_desk/main_at_desk_d9fc94fbc422.jpg,train,img_85fc07adf0e6,unfocused,face_or_body,True,none,elsewhere,"Shaking hands across desk; attention on interaction, not work.",at_desk
train/distracted/distracted_392.jpg,train,img_865d3923b7e3,phone,hands_only,True,in_use,phone,Hands holding phone over desk with charts.,distracted
eval/distracted/distracted_373.jpg,eval,img_8663d98a8b70,phone,face_or_body,True,in_use,phone,"Student standing at desk, looking down at phone.",distracted
train/distracted/main_distracted_82f62363be74.jpg,train,img_86828ceb40a9,,face_or_body,False,none,elsewhere,"Student standing in room wearing VR headset, looking up.",distracted
eval/distracted/distracted_126.jpg,eval,img_86d5f080cebb,phone,hands_only,True,in_use,phone,"Hands holding phone, laptop screen visible in background.",distracted
train/away/main_away_11071fd5c5d7.jpg,train,img_876ab38d728d,,none,False,none,unclear,"Architectural blueprint shown, no person visible.",away
eval/at_desk/at_desk_p9553909.jpg,eval,img_877a68c2f41d,focused,face_or_body,True,none,work,"Person typing on keyboard, facing monitors.",at_desk
eval/away/rafast_chair_00084.jpg,eval,img_8790f500bf1e,,none,False,none,unclear,"Image contains a chair, no person or workspace visible.",away
train/distracted/distracted_316.jpg,train,img_87f2f7b8f422,phone,face_or_body,True,in_use,camera,Woman on phone call looking at camera.,distracted
train/away/away_p2505119.jpg,train,img_87fd68601618,,none,True,none,unclear,"Empty room with tables and chairs, no person visible.",away
train/uncertain/main_uncertain_ebc03de31a4e.jpg,train,img_88047a6483bd,unfocused,face_or_body,True,none,elsewhere,Man standing at desk looking at another person.,uncertain
train/distracted/distracted_109.jpg,train,img_88140e1fc033,phone,hands_only,True,in_use,unclear,"Hands holding phone on desk, face not visible.",distracted
train/distracted/distracted_092.jpg,train,img_881aed421748,phone,hands_only,True,in_use,phone,"Hand holding phone over laptop keyboard, indicating distraction.",distracted
eval/at_desk/main_at_desk_d3747d595f21.jpg,eval,img_884ffc030653,,face_or_body,True,none,camera,"Man at laptop looking at camera, smiling.",at_desk
train/uncertain/main_uncertain_76b9bebf753e.jpg,eval,img_884ffc030653,,face_or_body,True,none,unclear,Pixelated image shows person at desk; attention and devices indeterminate.,uncertain
train/distracted/distracted_251.jpg,train,img_88552dc84641,phone,face_or_body,True,in_use,phone,Person standing at desk looking at phone.,distracted
eval/at_desk/main_at_desk_8f734e7dea66.jpg,eval,img_88a2ada00eab,,none,False,none,unclear,No person visible; image shows a bookshelf.,at_desk
eval/uncertain/main_uncertain_43e67ed5dfa1.jpg,eval,img_88a2ada00eab,,none,False,none,unclear,"Blurry red bookshelf visible, no person or workspace present.",uncertain
train/distracted/distracted_060.jpg,train,img_88cb89fd182a,phone,face_or_body,True,in_use,phone,Woman looking at phone while holding a mug at a desk.,distracted
train/away/main_away_4f01da503427.jpg,train,img_88ef63cf671d,,none,False,none,unclear,"Empty desk, no person visible in the frame.",away
train/at_desk/at_desk_p8636622.jpg,train,img_88f6be122e8f,focused,face_or_body,True,none,work,"Student is typing on a laptop, looking at the screen.",at_desk
train/distracted/main_distracted_7bc930ac2b23.jpg,train,img_89209404df0e,phone,face_or_body,True,in_use,phone,"Woman looking at phone while holding it, laptop is open but ignored.",distracted
train/distracted/main_distracted_a960fcd275ad.jpg,train,img_894eba128af7,,none,False,none,unclear,"Image shows Earth from space, no person visible.",distracted
train/away/rafast_chair_00050.jpg,train,img_896609b3ddd3,,none,False,none,unclear,"Image contains only an empty chair, no person is visible.",away
train/distracted/distracted_299.jpg,train,img_897fc27a7662,phone,hands_only,True,in_use,phone,"Student holding and looking at smartphone, ignoring workspace.",distracted
eval/distracted/distracted_202.jpg,eval,img_898f495764d4,phone,face_or_body,True,in_use,phone,Student looking down at phone in hands.,distracted
eval/at_desk/main_at_desk_aafe5b50fa63.jpg,eval,img_899b90e39b66,,face_or_body,False,none,camera,"Group photo at event, attendees looking at camera holding boxes.",at_desk
train/at_desk/at_desk_p39219377.jpg,train,img_89bc100df9d1,focused,face_or_body,True,none,work,Student is typing on a laptop at a desk.,at_desk
train/at_desk/main_at_desk_4c1fc34bb76b.jpg,train,img_89d48beca824,,face_or_body,False,none,elsewhere,"Person holding microphone, looking at someone else.",at_desk
train/away/main_away_9382796d8c5a.jpg,train,img_89f990f20f17,,none,False,none,unclear,No person visible in the image.,away
train/at_desk/at_desk_p8199255.jpg,train,img_8a45156621cf,,face_or_body,True,none,camera,Student waving at the camera while sitting at a desk.,at_desk
train/at_desk/main_at_desk_03d39667c2fe.jpg,train,img_8a5310217d93,,none,False,none,unclear,No person is visible in the image.,at_desk
train/distracted/distracted_023.jpg,train,img_8aa13524a1f3,phone,face_or_body,False,in_use,phone,Person on a motorcycle looking at their phone.,distracted
train/at_desk/main_at_desk_955998cd9b96.jpg,train,img_8aa2f7591e6e,,face_or_body,False,none,elsewhere,Person walking away in a parking garage.,at_desk
train/at_desk/at_desk_p6267052.jpg,train,img_8ab03358d441,focused,face_or_body,True,idle,work,Student reading a book while phone is idle on tripod.,at_desk
train/away/rafast_chair_00058.jpg,train,img_8ad41351ab0f,,none,False,none,unclear,No person visible in the image.,away
train/distracted/main_distracted_47687af4eb17.jpg,train,img_8ae262a3b881,,face_or_body,False,idle,elsewhere,"Man walking on street holding phone, looking ahead.",distracted
train/distracted/distracted_410.jpg,train,img_8b13179cab40,phone,face_or_body,True,in_use,phone,Woman smiling while looking at phone in hands.,distracted
train/away/away_p3374249.jpg,train,img_8b288bff9712,,none,False,none,elsewhere,"Image is a view from an airplane window, not a desk.",away
train/at_desk/at_desk_p4050472.jpg,train,img_8b36debaebeb,focused,face_or_body,True,none,work,Student sitting at desk looking at computer monitor.,at_desk
train/uncertain/main_uncertain_64c25e4762ae.jpg,train,img_8b36debaebeb,focused,face_or_body,True,none,work,"Person facing monitor at desk, holding mug, notebooks visible in dim lighting.",uncertain
train/away/rafast_chair_00048.jpg,train,img_8b5010dd33b2,,none,False,none,unclear,"Image shows an empty office chair, no person present.",away
eval/at_desk/main_at_desk_4eb626cacd43.jpg,eval,img_8b593049736e,,none,False,none,unclear,No person is visible in the image.,at_desk
train/distracted/distracted_271.jpg,train,img_8cf8794b3791,,hands_only,True,idle,work,"Hands on keyboard, phone idle on desk.",distracted
eval/distracted/main_distracted_e83651db42b1.jpg,eval,img_8d0551674ee8,focused,face_or_body,True,none,work,"Student typing on laptop, focused on screen.",distracted
eval/away/away_p8353774.jpg,eval,img_8d1c2d671252,,none,True,none,unclear,No person visible in the image to judge attention.,away
train/distracted/distracted_000.jpg,train,img_8d32ba9ca41a,phone,hands_only,False,in_use,phone,"Hand holding phone, screen active with apps.",distracted
train/distracted/main_distracted_eeee82bdd252.jpg,train,img_8d32ba9ca41a,phone,hands_only,False,in_use,unclear,"Hand holding phone, no face visible to determine attention.",distracted
eval/at_desk/main_at_desk_c3303e1e2ee5.jpg,eval,img_8d7a32cdcd7d,,hands_only,True,none,work,"Hands typing on laptop keyboard, screen visible.",at_desk
train/away/main_away_bbc004db3b89.jpg,train,img_8d8d5356c132,unfocused,face_or_body,True,none,elsewhere,"Man in uniform at desk, hand to head, looking away.",away
train/distracted/distracted_045.jpg,train,img_8d9d86520b4f,phone,face_or_body,False,in_use,phone,Woman standing outdoors using phone; not a workspace.,distracted
eval/away/away_p6903157.jpg,eval,img_8daaea13ff21,,none,False,none,unclear,"No person visible, bedroom scene only.",away
train/distracted/main_distracted_a9520cfbef5a.jpg,train,img_8e640d9d1306,phone,face_or_body,False,in_use,camera,Group of women taking a selfie outdoors.,distracted
eval/away/rafast_chair_00088.jpg,eval,img_8e7abc345b4c,,none,False,none,unclear,"Image shows only an empty office chair, no person present.",away
train/distracted/distracted_397.jpg,train,img_8e80806ad9ce,phone,hands_only,True,in_use,phone,"Person holding phone, hand on laptop, likely distracted.",distracted
train/away/away_p8297864.jpg,train,img_8e985ba39eae,,none,True,none,unclear,Office desk with monitor and water bottle; no person visible.,away
train/distracted/distracted_055.jpg,train,img_8ec04e045ed7,phone,face_or_body,True,in_use,phone,Student holding and looking at phone.,distracted
train/at_desk/at_desk_p5538599.jpg,train,img_8ef8dcd8c3b5,focused,face_or_body,False,none,work,Person writing in a notebook outdoors.,at_desk
train/uncertain/main_uncertain_7893e63e6ca6.jpg,train,img_8ef8dcd8c3b5,,face_or_body,False,none,unclear,"Person outdoors, looking down at indistinct object; no desk or phone visible.",uncertain
train/at_desk/at_desk_p9159072.jpg,train,img_8f0dc7c12a64,focused,face_or_body,True,none,work,Student typing at computer with books open,at_desk
train/at_desk/main_at_desk_4355df74fc76.jpg,train,img_8f1792b74a9e,,none,False,none,unclear,No person visible; image shows military truck in field.,at_desk
train/at_desk/main_at_desk_9da6f8bb7e81.jpg,train,img_8f467fdf96a6,unfocused,face_or_body,True,none,elsewhere,Woman holding laptop but looking away at another person.,at_desk
train/uncertain/main_uncertain_006c21fbf89a.jpg,train,img_8f467fdf96a6,,face_or_body,True,none,unclear,Severe blur obscures gaze and hand activity; person seated at desk.,uncertain
train/at_desk/main_at_desk_e139c8a2082a.jpg,train,img_8f6b8273109d,,none,False,none,unclear,"Image shows banana plant, no person or workspace visible.",at_desk
train/at_desk/at_desk_p7654169.jpg,train,img_8f6f9a5d4c13,focused,face_or_body,True,none,work,Student writing in a notebook at a desk.,at_desk
train/at_desk/at_desk_p5530439.jpg,train,img_8f9ab97b713a,focused,face_or_body,True,none,work,"Student looking at monitor, typing on keyboard.",at_desk
train/away/rafast_chair_00059.jpg,train,img_8fc1b64e08e4,,none,False,none,unclear,"No person visible, only an empty chair.",away
train/distracted/distracted_099.jpg,train,img_8fc57f2a36e8,phone,face_or_body,True,in_use,phone,Person holding and looking at smartphone at desk.,distracted
train/at_desk/at_desk_p5621943.jpg,train,img_8fdd41d32535,,face_or_body,True,none,camera,Student wearing headphones looks directly at the webcam.,at_desk
eval/away/main_away_adaf424cfa7e.jpg,eval,img_9025c8b80ce8,,face_or_body,True,none,camera,"Person looking at camera, likely webcam position.",away
train/away/rafast_chair_00003.jpg,train,img_90a5b4b5d88e,,none,False,none,unclear,Image contains only an empty office chair.,away
train/distracted/distracted_239.jpg,train,img_90b172a164dc,phone,hands_only,True,in_use,phone,Hand holding phone with orange screen; work items present.,distracted
train/distracted/distracted_284.jpg,train,img_91086bcf2843,phone,face_or_body,False,in_use,elsewhere,"Person is outdoors, talking on a phone, not at a workspace.",distracted
train/at_desk/at_desk_p4260481.jpg,train,img_910fcf2a2fb3,focused,face_or_body,True,none,work,Girl writing in a notebook at a desk.,at_desk
train/at_desk/main_at_desk_41cd455c81fa.jpg,train,img_915ca1c27636,,face_or_body,False,none,elsewhere,"Person is in an audience, not at a desk or workspace.",at_desk
train/at_desk/main_at_desk_31c2f1e0f6b8.jpg,train,img_9170b7a0e7d0,focused,face_or_body,True,none,work,"Student looking at laptop screen, working at desk.",at_desk
train/at_desk/at_desk_p6684504.jpg,train,img_91ca88972f20,,face_or_body,True,none,camera,"Student smiling at camera, hand on laptop.",at_desk
train/at_desk/at_desk_p8055832.jpg,train,img_91d2d3461e48,focused,face_or_body,True,none,work,Student writing in notebook while looking at tablet.,at_desk
eval/distracted/main_distracted_d38ab4cfb4e4.jpg,eval,img_922e9190361a,,face_or_body,False,none,elsewhere,"Outdoor street scene, no desk or workspace visible.",distracted
train/distracted/distracted_008.jpg,eval,img_922e9190361a,,none,False,none,unclear,"Image is of a building, no student or workspace visible.",distracted
train/at_desk/main_at_desk_84306b88cb79.jpg,train,img_9240adccb1f8,,none,True,none,unclear,Cat on desk with laptop; no student visible.,at_desk
train/at_desk/main_at_desk_826ac89257a0.jpg,train,img_92659911b906,focused,face_or_body,False,none,work,Group looking at laptop screen outdoors.,at_desk
train/at_desk/at_desk_010.jpg,train,img_9279d5b0f339,focused,face_or_body,True,none,work,Woman and boy focused on computer screen at shared desk.,at_desk
train/at_desk/main_at_desk_30da021f6e17.jpg,train,img_9279d5b0f339,focused,face_or_body,True,none,work,Two people looking at a computer monitor.,at_desk
train/at_desk/at_desk_p37368295.jpg,train,img_9298691e336a,focused,face_or_body,True,none,work,Student in blue shirt focused on laptop screen in classroom.,at_desk
train/at_desk/at_desk_p31666030.jpg,train,img_929a9358dff1,unfocused,face_or_body,True,none,elsewhere,"Student has head in hands, looking down at desk.",at_desk
train/at_desk/at_desk_p5306449.jpg,train,img_92b8fbe66d56,unfocused,face_or_body,True,none,elsewhere,Girl typing but looking away at boy.,at_desk
train/away/away_p2505120.jpg,train,img_92e444e2c485,,none,False,none,unclear,"Empty office space, no person visible.",away
train/at_desk/main_at_desk_a1772375cc46.jpg,train,img_930165b9fa58,,none,False,none,unclear,No person visible; image shows a bookstore interior with brochure racks.,at_desk
train/away/rafast_chair_00051.jpg,train,img_9319593fa411,,none,False,none,unclear,"Image shows an empty chair, no person present.",away
train/distracted/distracted_420.jpg,train,img_936c7fa515fb,phone,hands_only,True,in_use,unclear,Hand holding phone over desk; face not visible.,distracted
train/at_desk/main_at_desk_49a40e1dba39.jpg,train,img_937444a4cf97,,none,True,none,unclear,No person visible. Laptop open on dark desk near snowy window with candles.,at_desk
train/distracted/distracted_010.jpg,train,img_93994f1f7419,,none,False,idle,unclear,Close-up of a phone screen with no person visible.,distracted
eval/at_desk/at_desk_p6829470.jpg,eval,img_93b10aa62ace,focused,face_or_body,True,none,work,"Student looking at laptop screen, focused on work.",at_desk
eval/away/away_019.jpg,eval,img_93efea67d59f,focused,face_or_body,True,none,work,Student focused on laptop at a shared table with others working.,away
train/away/main_away_bd6674f370c3.jpg,eval,img_93efea67d59f,focused,face_or_body,True,idle,work,Overhead view of multiple students working at a shared table.,away
train/away/away_p5255326.jpg,train,img_93f69c779165,,face_or_body,False,none,camera,"Person in astronaut suit looking at camera, no desk visible.",away
train/at_desk/at_desk_p4143797.jpg,train,img_941225e89f36,unfocused,face_or_body,True,none,elsewhere,Student is daydreaming and looking away from the screen.,at_desk
train/at_desk/at_desk_p3807759.jpg,train,img_941f8cf57017,focused,face_or_body,True,none,work,Student writing in a notebook at a desk.,at_desk
train/uncertain/main_uncertain_bcafe6a7b150.jpg,train,img_941f8cf57017,focused,face_or_body,True,none,work,"Blurred image shows student at desk with head down, likely focused on work.",uncertain
eval/at_desk/at_desk_p927451.jpg,eval,img_94981e8a7dd3,unfocused,face_or_body,True,none,elsewhere,"Man smiling and drinking coffee, looking away from laptop.",at_desk
train/at_desk/at_desk_p12902997.jpg,train,img_94ffd4847257,focused,face_or_body,True,none,work,Student focused on computer monitor in office setting.,at_desk
train/away/rafast_chair_00057.jpg,train,img_955c2fcef025,,none,False,none,unclear,"Image shows only a black folding chair, no person visible.",away
train/at_desk/at_desk_p4443182.jpg,train,img_9569a3b46e7e,,hands_only,True,none,work,"Writing in notebook, laptop open in background.",at_desk
train/at_desk/at_desk_p9159001.jpg,train,img_95732bc5ac23,focused,face_or_body,True,none,work,Student looking intently at laptop screen.,at_desk
eval/distracted/distracted_195.jpg,eval,img_95905e9590bd,phone,face_or_body,True,in_use,phone,Student holding and looking at phone.,distracted
train/away/main_away_d58f22f31353.jpg,train,img_95fdb648d8f0,,none,True,none,unclear,"Empty office with desk, no person visible.",away
train/distracted/distracted_414.jpg,train,img_964beaf24e75,unfocused,face_or_body,True,idle,elsewhere,Student holding phone but looking away at map.,distracted
train/distracted/distracted_178.jpg,train,img_964e4b44985f,phone,hands_only,True,in_use,phone,Student is distracted by their phone.,distracted
eval/away/rafast_chair_00096.jpg,eval,img_96528804207d,,none,False,none,unclear,"Image shows an inflatable chair, no person visible.",away
eval/away/away_p6044819.jpg,eval,img_9672d510fedb,,none,True,none,unclear,No person visible in the image.,away
train/at_desk/at_desk_p17767269.jpg,train,img_968387152f7c,focused,face_or_body,False,none,work,"Person working on laptop outdoors, sitting on grass.",at_desk
train/away/away_p7500058.jpg,train,img_96bc3af24881,,none,True,none,unclear,Empty desk with laptop and monitor; no person present.,away
train/away/main_away_4acbae1e0f1f.jpg,train,img_96e206c19f7c,,none,False,none,unclear,"Outdoor public plaza scene, no person at desk.",away
eval/at_desk/at_desk_p12899191.jpg,eval,img_96e695aaa425,focused,face_or_body,True,none,work,Student looking at laptop screen with code visible.,at_desk
train/at_desk/main_at_desk_c2f68fefa3e0.jpg,train,img_974c9b8ac2ff,focused,face_or_body,False,none,work,Person sitting on bed using laptop.,at_desk
train/away/away_p29422663.jpg,train,img_974dbd252488,,none,True,none,unclear,Office desk setup with no person visible.,away
train/at_desk/main_at_desk_36695d98624c.jpg,train,img_974e953a7cea,focused,face_or_body,False,none,work,Woman reading a book in a library setting.,at_desk
eval/at_desk/main_at_desk_85b77bb0174b.jpg,eval,img_9757c35684ee,,none,False,none,unclear,"Color chart on floor, feet visible, no student or workspace.",at_desk
train/at_desk/at_desk_p12498874.jpg,train,img_975b307a71ea,focused,face_or_body,True,none,work,Person is looking at the laptop screen.,at_desk
train/away/away_p37697626.jpg,train,img_97d3c6282564,,none,False,none,unclear,No person is visible in the image.,away
eval/away/away_p5082560.jpg,eval,img_97f0d6ddeaa5,,none,True,none,unclear,"Empty desk with monitor, keyboard, and mouse; no person visible.",away
train/away/away_p37829628.jpg,train,img_97fb4c97fd23,,none,True,none,unclear,"Empty classroom, no people visible.",away
train/away/rafast_chair_00025.jpg,train,img_98102c999783,,none,False,none,unclear,Image shows an empty white folding chair; no student visible.,away
train/at_desk/main_at_desk_f338a2ceaa57.jpg,train,img_9831788d19d9,focused,face_or_body,True,none,work,Man in blue shirt working at computer console.,at_desk
train/at_desk/main_at_desk_a00470dd259d.jpg,train,img_98671f15e824,,face_or_body,False,none,elsewhere,"Speaker on stage, audience visible, no desk workspace.",at_desk
train/away/away_p13323677.jpg,train,img_9867d41c4a27,,none,True,idle,unclear,"Empty room, phone on table, laptop present.",away
train/away/away_p6028639.jpg,train,img_9893ac6ba6ab,,none,True,none,unclear,"No person visible, workspace present with laptop and crumpled paper.",away
eval/distracted/distracted_130.jpg,eval,img_98ef6060e666,phone,hands_only,True,in_use,phone,"Person holding phone, looking at screen, laptop in background.",distracted
train/away/away_p5797997.jpg,train,img_9914cf059ae7,,none,True,none,unclear,No person visible in the image to judge attention.,away
eval/at_desk/at_desk_p7241619.jpg,eval,img_9930c747ba19,,hands_only,True,none,work,Hands are typing on a laptop keyboard.,at_desk
eval/away/main_away_84f24fd53029.jpg,eval,img_998349950955,,none,False,none,unclear,Abstract digital cityscape image with no person visible.,away
train/away/away_021.jpg,eval,img_998349950955,,none,False,none,unclear,"Image shows abstract city lights, no person or workspace visible.",away
eval/away/away_p8092469.jpg,eval,img_9995e9120fe0,,none,True,none,unclear,"Empty workspace with laptop, no person visible.",away
train/away/away_005.jpg,train,img_99b5f076b129,,none,True,none,unclear,Empty computer lab with no people visible.,away
train/away/main_away_ef2bd61f7758.jpg,train,img_99b5f076b129,,none,True,none,unclear,Empty classroom with no people visible.,away
train/away/away_000.jpg,train,img_99e604fe8dff,,hands_only,True,none,work,"Hands on laptop keyboard, user appears focused on screen.",away
train/away/main_away_a1b19d5f6d12.jpg,train,img_99e604fe8dff,,hands_only,True,none,work,"Student typing on laptop, focused on screen.",away
train/at_desk/at_desk_p6326260.jpg,train,img_9a05e10d882d,focused,face_or_body,True,none,work,Woman working on laptop at desk.,at_desk
train/at_desk/at_desk_p6029138.jpg,train,img_9a4bc27491e6,focused,face_or_body,False,none,work,Student is looking at laptop while relaxing on sofa.,at_desk
train/at_desk/at_desk_p6937704.jpg,train,img_9a5e1e1eeec7,focused,face_or_body,True,none,work,"Student looking down at desk materials, hand on head.",at_desk
eval/away/away_p20988575.jpg,eval,img_9a6f965321ce,,none,True,none,unclear,"Empty office space, no people visible.",away
train/distracted/main_distracted_32b603069721.jpg,train,img_9aa53c0f3e44,phone,face_or_body,False,in_use,phone,"Two people walking outside, both using phones, no workspace.",distracted
train/uncertain/uncertain_syn_overexpose.jpg,train,img_9aabba2f72a3,,face_or_body,True,none,camera,Man in suit smiling directly at camera.,uncertain
train/at_desk/at_desk_p5940710.jpg,train,img_9ab08787aac0,focused,face_or_body,True,none,work,Student focused on laptop screen at desk.,at_desk
train/distracted/distracted_197.jpg,train,img_9ab84af505da,phone,face_or_body,True,in_use,phone,"Girl holding phone, looking at screen.",distracted
train/away/away_p21417749.jpg,train,img_9abb2cebb649,,none,False,none,unclear,No person is visible in the image.,away
eval/at_desk/at_desk_p8553836.jpg,eval,img_9ae9f7f6dc5c,phone,face_or_body,False,in_use,phone,"Student sitting on windowsill, looking at phone.",at_desk
train/away/away_p36713440.jpg,train,img_9aec23f0e36c,focused,face_or_body,True,none,work,"Student is seated at a desk, looking at papers.",away
train/away/away_p28506813.jpg,train,img_9aeec8f97959,,none,True,none,unclear,"Empty room with desk, no person visible.",away
eval/distracted/distracted_183.jpg,eval,img_9b62297f6802,phone,face_or_body,True,in_use,phone,Student looking at phone instead of dictionary.,distracted
train/at_desk/at_desk_p5882647.jpg,train,img_9b63c7b972a6,,face_or_body,True,none,unclear,"Person writing on sticky notes, face not visible.",at_desk
train/at_desk/at_desk_p5303591.jpg,train,img_9b6a3d2c7d9f,focused,face_or_body,True,none,work,"Boy is sitting at desk, looking at laptop screen.",at_desk
train/distracted/distracted_312.jpg,train,img_9b8681dd296b,phone,face_or_body,True,in_use,phone,Person holding phone to ear while sitting at desk.,distracted
train/distracted/distracted_314.jpg,train,img_9b8bcb25baf5,phone,face_or_body,True,in_use,phone,Student looking at phone instead of laptop.,distracted
train/away/rafast_chair_00065.jpg,train,img_9ba76d423b98,,none,False,none,unclear,"Image shows a chair, no person is visible.",away
train/uncertain/main_uncertain_5b3b012ac2cd.jpg,train,img_9bd2191ce152,focused,face_or_body,True,none,work,Person sitting at desk facing computer monitor.,uncertain
train/at_desk/main_at_desk_d57d6277a391.jpg,train,img_9ce23b5f91f4,,none,True,none,unclear,Illustration of a laptop only; no person visible.,at_desk
train/at_desk/at_desk_p31155018.jpg,train,img_9d2f28242ed5,focused,face_or_body,True,none,work,Student writing on paper at a desk.,at_desk
eval/distracted/distracted_106.jpg,eval,img_9d355c4edf77,phone,face_or_body,True,in_use,phone,"Student holding phone while writing, looking at screen.",distracted
train/away/away_p37865917.jpg,train,img_9d4079bb6bcd,,none,True,none,unclear,Empty classroom with no students visible.,away
train/at_desk/at_desk_p7801165.jpg,train,img_9d6ca3a06c26,,face_or_body,True,idle,unclear,"Person sits at desk with laptop, phone is on table.",at_desk
train/distracted/distracted_379.jpg,train,img_9d75f9357650,phone,face_or_body,True,in_use,phone,Student looking down at phone while seated at desk.,distracted
train/away/away_p6177633.jpg,train,img_9d84fbdaf5b5,,none,True,none,unclear,No person visible in the image.,away
train/at_desk/main_at_desk_863b67128706.jpg,train,img_9d9b2796935c,,none,True,none,unclear,No person visible in the scene.,at_desk
train/distracted/distracted_295.jpg,train,img_9dde5c899560,,hands_only,True,idle,work,"Person using tablet, phone is idle on desk.",distracted
train/distracted/main_distracted_d7d1f2a9bb09.jpg,train,img_9e0c376d3791,,none,False,none,unclear,No person visible. Image shows a cabin interior with a chair.,distracted
train/distracted/distracted_063.jpg,train,img_9e3d1cb4b0a6,phone,face_or_body,True,in_use,phone,Student is looking at and using a smartphone.,distracted
train/at_desk/main_at_desk_649ea2a8850c.jpg,train,img_9eb8a91c0ce9,,hands_only,True,none,work,"Hands on laptop trackpad, screen shows work.",at_desk
train/at_desk/main_at_desk_582dfff01b12.jpg,train,img_9ecb8293bec4,,face_or_body,False,none,elsewhere,"Figure in dynamic pose, no desk or study materials visible.",at_desk
eval/at_desk/at_desk_p4218883.jpg,eval,img_9ee2925e2418,,none,True,none,unclear,No person visible. Workspace shows coding environment and laptop.,at_desk
train/away/away_p18081679.jpg,train,img_9f0410de8758,,none,False,none,unclear,"Image shows an empty beach chair, no person present.",away
train/away/main_away_e9a1e497f2c3.jpg,train,img_9f0b9185e02f,,none,False,none,unclear,Empty classroom with no people visible.,away
train/away/away_p4606703.jpg,train,img_9f21ac500688,,none,True,none,unclear,"Empty classroom with rows of desks, no students visible.",away
train/away/rafast_chair_00004.jpg,train,img_9f26b7995a66,,none,False,none,unclear,Image shows an empty office chair with no person.,away
train/away/away_p4504418.jpg,train,img_9f47b804828e,,none,False,none,unclear,"No person visible, image shows empty chair outdoors.",away
train/away/away_p8546651.jpg,train,img_9f573b8c7402,,none,True,none,unclear,Empty office workspace with no person visible.,away
eval/at_desk/at_desk_p6930898.jpg,eval,img_9f5d73a56249,,hands_only,True,none,unclear,Hands on laptop trackpad while holding a coffee cup.,at_desk
train/distracted/distracted_022.jpg,train,img_9f631cccabc1,,none,False,none,unclear,"Image shows an airport runway, no person visible.",distracted
train/distracted/main_distracted_42061771ff4b.jpg,train,img_9f6579d1d8d1,phone,face_or_body,False,in_use,phone,Person sitting on bench looking at phone.,distracted
train/away/away_p19725407.jpg,train,img_9f676eed0437,phone,face_or_body,True,in_use,phone,"Person sitting in empty room, looking at phone.",away
train/away/main_away_f9c795ead5af.jpg,train,img_9f6893f378b7,,none,False,none,unclear,"Image shows feet on a glass floor, no person or workspace visible.",away
train/away/main_away_e74cbc37b34e.jpg,train,img_9f7c2dbc8803,,none,False,none,unclear,No person visible. Outdoor scene with sculpture and buildings.,away
eval/at_desk/at_desk_p1181370.jpg,eval,img_9fca3d27cc6c,unfocused,face_or_body,True,none,elsewhere,"Main person is looking at a colleague, not their screen.",at_desk
train/distracted/distracted_210.jpg,train,img_a007d83c195c,phone,face_or_body,True,in_use,phone,Student looking at smartphone held in hands.,distracted
eval/distracted/distracted_370.jpg,eval,img_a0571b5ab764,phone,face_or_body,True,in_use,elsewhere,Holding phone but looking away from it and the camera.,distracted
train/distracted/distracted_421.jpg,train,img_a066023e8614,phone,face_or_body,True,in_use,phone,Person looking down at phone held in hands.,distracted
train/distracted/distracted_357.jpg,train,img_a08b0e302005,phone,face_or_body,True,in_use,work,Person on phone but eyes focused on laptop.,distracted
eval/at_desk/at_desk_p842567.jpg,eval,img_a0a5767f4671,unfocused,face_or_body,True,none,elsewhere,"Man in suit drinking coffee, looking away from laptop.",at_desk
train/at_desk/fixture_face.jpg,train,img_a10be7f3ec3b,,face_or_body,True,none,camera,Man in suit looking at camera with arms crossed.,at_desk
eval/at_desk/at_desk_p7490461.jpg,eval,img_a19d57e7c9f7,focused,face_or_body,True,idle,work,Person sitting on bed using a laptop.,at_desk
train/distracted/distracted_277.jpg,train,img_a1d49eb170d0,phone,face_or_body,False,in_use,phone,"Student sitting outside on a fountain, looking at phone.",distracted
train/at_desk/at_desk_p6437593.jpg,train,img_a2091891185a,focused,face_or_body,True,none,work,"Student writing in notebook with pen, focused on work.",at_desk
train/at_desk/at_desk_p17767259.jpg,train,img_a20e3c2e8971,focused,face_or_body,False,none,work,Person sitting outside using a laptop.,at_desk
train/uncertain/main_uncertain_bbeca8b3e6dd.jpg,train,img_a20e3c2e8971,focused,face_or_body,False,none,work,"Person sitting on grass outdoors, focused on laptop under tree.",uncertain
train/distracted/distracted_263.jpg,train,img_a21a3cfca252,phone,face_or_body,True,in_use,phone,Student looking down at smartphone held in hands.,distracted
train/at_desk/main_at_desk_f1eb80a21d7a.jpg,train,img_a25ba33cdf2a,,face_or_body,False,none,unclear,"Statue of person reading, not a live student.",at_desk
train/away/away_p13181569.jpg,train,img_a264d8813496,,none,False,none,unclear,"Image shows bathroom stalls, no person or workspace visible.",away
train/away/main_away_09e27aea3f89.jpg,train,img_a278566ce585,,face_or_body,False,none,elsewhere,"People outdoors, not at a desk or workspace.",away
eval/at_desk/at_desk_p2102416.jpg,eval,img_a2a0c5c43795,focused,face_or_body,True,idle,work,Person is looking at their laptop screen.,at_desk
train/at_desk/main_at_desk_6aa644b192de.jpg,train,img_a2a4edf84ac0,,face_or_body,False,none,camera,Astronaut floating in space station looking at camera.,at_desk
train/away/away_p928804.jpg,train,img_a2c6feef6f01,,none,True,none,unclear,Empty workspace with open laptop; no person visible.,away
train/at_desk/at_desk_p35962983.jpg,train,img_a309c370d6af,focused,face_or_body,True,none,work,Student is focused on their laptop screen.,at_desk
train/at_desk/at_desk_p7455935.jpg,train,img_a36e209d03a0,,hands_only,True,none,work,"Hands typing on a laptop keyboard, focused on work.",at_desk
eval/at_desk/main_at_desk_14b5b13eb390.jpg,eval,img_a37f4a8441e1,,hands_only,True,none,work,"Hands typing on laptop keyboard, focused on work.",at_desk
train/away/away_p7070.jpg,train,img_a3912e91f459,,none,True,none,unclear,"Empty office space with desks, no people visible.",away
train/away/away_p35217289.jpg,train,img_a3a0b3531128,,none,False,none,unclear,Empty room with broken chair and window.,away
train/distracted/distracted_249.jpg,train,img_a3dc4c2b9710,phone,hands_only,True,in_use,phone,Student is holding and looking at their phone.,distracted
train/at_desk/main_at_desk_7cd83b6dc29a.jpg,train,img_a3f1938f2cde,,face_or_body,False,none,elsewhere,Speaker on stage addressing an audience.,at_desk
train/at_desk/at_desk_p5905945.jpg,train,img_a44143fb3541,,hands_only,True,idle,work,"Student writing notes, phone idle on desk.",at_desk
train/away/away_p8761300.jpg,train,img_a46ccc2da0c2,,none,False,none,unclear,"Empty room with chairs, no person visible.",away
train/away/away_p15903739.jpg,train,img_a4837f8f0617,,none,True,none,unclear,"Empty desk with sunlight, no person visible.",away
train/away/away_p9485454.jpg,train,img_a4a6c92a8ab0,,none,True,none,unclear,"Empty classroom, no student visible in the frame.",away
train/away/away_p29528299.jpg,train,img_a4d14fe99276,,none,False,none,unclear,Empty classroom with no people visible.,away
train/distracted/distracted_390.jpg,train,img_a4d320ec7687,phone,face_or_body,True,in_use,phone,Student looking down at phone held in hands.,distracted
train/at_desk/at_desk_p17767237.jpg,train,img_a5347ce33ad6,focused,face_or_body,False,none,work,"Person using laptop outdoors, not at a desk.",at_desk
train/away/main_away_65d6cec0f4d7.jpg,train,img_a53ef1a632b6,,none,False,none,unclear,No person is visible in the image.,away
train/at_desk/at_desk_009.jpg,train,img_a5679107a4db,,hands_only,True,none,work,Student writing in a notebook at a desk.,at_desk
train/at_desk/main_at_desk_f6d45aff0865.jpg,train,img_a5679107a4db,,hands_only,True,none,work,Person is writing in a notebook at a desk.,at_desk
train/away/away_p6949365.jpg,train,img_a59525610381,,none,True,none,unclear,Empty conference room with no person visible.,away
eval/distracted/distracted_114.jpg,eval,img_a5c52b8f83a7,phone,hands_only,True,in_use,phone,"Hands holding phone, laptop open but not in focus.",distracted
eval/distracted/distracted_154.jpg,eval,img_a5cba3e77812,phone,face_or_body,False,in_use,phone,Woman on bed using phone while laptop is open.,distracted
eval/away/away_p8834242.jpg,eval,img_a5f58842f908,,hands_only,False,none,unclear,Only a hand is visible making a gesture.,away
train/away/main_away_01122fd5180f.jpg,train,img_a62b57b52d1f,,face_or_body,False,none,unclear,Stained glass artwork showing religious figures; no student or workspace present.,away
train/away/away_p20657353.jpg,train,img_a6c112b8d5a6,,none,True,none,unclear,Empty desk with window and office supplies.,away
train/away/away_p4043789.jpg,train,img_a76611940e1a,focused,face_or_body,True,none,work,"Student is seated at desk, typing on laptop.",away
train/distracted/distracted_403.jpg,train,img_a77b0123d1a9,,none,True,idle,unclear,"Phone and smartwatch on desk, no person visible.",distracted
train/at_desk/at_desk_p5940709.jpg,train,img_a77db07a023d,focused,face_or_body,True,none,work,Student looking at laptop screen in library setting.,at_desk
train/away/away_p5712537.jpg,train,img_a7f484df6ed8,,none,True,none,unclear,Empty workspace with laptop and notebook visible.,away
eval/distracted/main_distracted_05649c90c108.jpg,eval,img_a820fcd825e0,phone,face_or_body,False,in_use,phone,"Student sitting on bed, looking down at phone.",distracted
train/distracted/main_distracted_8038769c1404.jpg,train,img_a821dc7ee3e2,focused,face_or_body,True,none,work,Student looking at laptop screen during video call.,distracted
train/away/away_p7457914.jpg,train,img_a887c875a833,,none,True,none,unclear,Empty office workspace with no people visible.,away
train/distracted/distracted_135.jpg,train,img_a89cad400bec,phone,hands_only,True,in_use,phone,"Hand holding phone with screen on, laptop in background.",distracted
train/at_desk/at_desk_p13540544.jpg,train,img_a8a48ba9a0bf,focused,face_or_body,True,none,work,"Student focused on laptop screen, hands on keyboard.",at_desk
train/at_desk/main_at_desk_d75d5429d4d9.jpg,train,img_a8cc536865e6,,none,True,idle,unclear,"Study materials on table, no person visible to judge attention.",at_desk
eval/at_desk/at_desk_015.jpg,eval,img_a8eebe834e23,,hands_only,True,none,work,Hands typing on a laptop keyboard.,at_desk
train/at_desk/main_at_desk_516fa7f95da2.jpg,train,img_a91379407d0a,,none,False,none,unclear,Image shows a library with no people visible.,at_desk
train/away/main_away_b5e781bdaf13.jpg,train,img_a93fd2d137cb,,none,False,none,unclear,"Architectural drawing of a tower section, no person visible.",away
train/distracted/main_distracted_1c4a5d4eee30.jpg,train,img_a9955cdbeed8,phone,face_or_body,True,in_use,phone,"Student using phone at table, clearly distracted from work.",distracted
train/at_desk/at_desk_p4132403.jpg,train,img_a9ae312cedb5,,face_or_body,True,none,camera,Person on floor looks at camera; second person on sofa looks at laptop.,at_desk
train/distracted/distracted_280.jpg,train,img_a9aef0f8e90a,phone,face_or_body,True,in_use,phone,Student touching phone screen with hand.,distracted
train/at_desk/at_desk_p5530444.jpg,train,img_a9b968f2bfeb,focused,face_or_body,True,none,work,Student sitting at desk looking at computer monitor.,at_desk
train/away/main_away_f9454ceaee45.jpg,train,img_a9d55c1495aa,,none,False,none,unclear,"Image is of an empty auditorium, no person visible.",away
train/away/away_p36631700.jpg,train,img_a9eb95f6586d,,none,True,none,unclear,Empty office space with no people visible.,away
train/at_desk/main_at_desk_573a7b587957.jpg,train,img_a9ef338d007b,,face_or_body,False,none,elsewhere,"Person sitting in a chair, gesturing, looking to the side.",at_desk
train/distracted/distracted_399.jpg,train,img_a9fdde26d8c4,phone,face_or_body,True,in_use,phone,Student sitting at desk holding and looking at phone.,distracted
train/away/main_away_2cba17292402.jpg,train,img_aa078193376c,,none,True,none,unclear,"No person visible, only a potted plant on a desk.",away
train/away/main_away_aa5231a3b883.jpg,train,img_aa0fe6af39d8,,none,False,none,unclear,No person visible in the image.,away
train/at_desk/at_desk_p4778341.jpg,train,img_aa14d6699b16,,none,True,none,unclear,"Open book with bookmarks on a wooden desk, no person visible.",at_desk
eval/distracted/distracted_152.jpg,eval,img_aa1c60a61703,focused,face_or_body,False,idle,work,Person lying on bed writing in a notebook.,distracted
train/distracted/distracted_395.jpg,train,img_aa47998469d4,phone,face_or_body,True,in_use,phone,Student is looking down at a smartphone held in both hands.,distracted
train/distracted/main_distracted_02bfcb3ed136.jpg,train,img_aa4e2f99d6bf,unfocused,face_or_body,True,idle,elsewhere,"Person drinking in background, not looking at laptop.",distracted
train/distracted/distracted_076.jpg,train,img_aa86c77bd4bb,phone,hands_only,False,in_use,phone,"Person holding phone, screen cracked, not at a desk.",distracted
train/distracted/distracted_116.jpg,train,img_aacade08af7a,phone,hands_only,True,in_use,phone,"Hands on phone next to laptop, indicating distraction.",distracted
eval/at_desk/main_at_desk_f92e57bce879.jpg,eval,img_aad17fae1c33,,face_or_body,False,none,camera,"Group at ceremony posing with laptop, looking at camera.",at_desk
train/away/rafast_chair_00053.jpg,train,img_aada44856e5e,,none,False,none,unclear,"No person visible in the image, only a black chair.",away
eval/uncertain/uncertain_syn_blur_heavy.jpg,eval,img_aaf73364075e,,face_or_body,True,none,unclear,Image is heavily blurred; person and workspace visible but details indistinct.,uncertain
train/at_desk/at_desk_021.jpg,eval,img_aaf73364075e,,hands_only,True,none,work,Student writing in notebook at desk with computer.,at_desk
train/at_desk/main_at_desk_a12fe3b73355.jpg,eval,img_aaf73364075e,,hands_only,True,none,work,Person writing in notebook at desk.,at_desk
train/at_desk/at_desk_p12903168.jpg,train,img_aafde3129a27,unfocused,face_or_body,True,none,elsewhere,"Woman looking at colleague, not at work materials.",at_desk
eval/at_desk/at_desk_p4439901.jpg,eval,img_ab7c2a0dc16e,,none,True,none,unclear,"Code on screen, blurred monitor in background; no person visible.",at_desk
train/distracted/distracted_041.jpg,train,img_abf1149c9d04,,face_or_body,False,none,camera,Two men standing outdoors in front of a building.,distracted
eval/at_desk/at_desk_p4173368.jpg,eval,img_ac06774886cc,focused,face_or_body,True,none,work,Man looking at laptop while holding a cup.,at_desk
train/distracted/distracted_305.jpg,train,img_ac0846358ca6,phone,face_or_body,True,in_use,elsewhere,Woman on phone call looking away from laptop.,distracted
train/away/main_away_9c5c4a9bb2bc.jpg,train,img_ac13b5cff6b8,,none,False,none,unclear,No person visible; this is a landscape photo.,away
train/at_desk/at_desk_p8204380.jpg,train,img_ac69f536f85f,unfocused,face_or_body,True,none,elsewhere,"Student resting chin on hand, looking away from screen.",at_desk
train/at_desk/at_desk_p7698738.jpg,train,img_ad0acf552d15,focused,face_or_body,True,idle,work,"Student typing on laptop, looking at screen.",at_desk
eval/distracted/distracted_047.jpg,eval,img_ad0fdb19a099,phone,face_or_body,False,in_use,phone,Person standing outdoors looking at phone.,distracted
train/at_desk/main_at_desk_b5d45cf88268.jpg,train,img_ad3aaf62057a,,face_or_body,False,none,elsewhere,Astronaut in a spacecraft module holding a microphone.,at_desk
train/away/rafast_chair_00031.jpg,train,img_ae1250da06ea,,none,False,none,unclear,Image shows an empty office chair.,away
train/distracted/main_distracted_defb1b2b3c8c.jpg,train,img_ae32678dcf4e,phone,face_or_body,False,in_use,phone,Group of women taking a selfie outdoors.,distracted
train/distracted/distracted_143.jpg,train,img_ae8d329311b2,phone,face_or_body,False,in_use,phone,"Woman on bed using phone, not at a desk.",distracted
train/away/away_p8001041.jpg,train,img_ae94e341036d,,none,True,none,unclear,No person visible; empty desk with monitor.,away
train/distracted/main_distracted_44d79b631050.jpg,train,img_aead12ef5625,focused,face_or_body,True,idle,work,"Student sitting on couch with laptop, phone nearby.",distracted
train/at_desk/main_at_desk_6d105f66e218.jpg,train,img_aebf2f24cfce,,face_or_body,False,none,unclear,"No face visible, no workspace, context unrelated to student monitoring.",at_desk
train/distracted/main_distracted_d03591284888.jpg,train,img_aecc30f57b92,phone,face_or_body,True,in_use,phone,Person sitting at table holding and looking at phone.,distracted
train/distracted/distracted_302.jpg,train,img_aed0c1c64f57,phone,face_or_body,True,in_use,phone,"Woman is talking on the phone, not working.",distracted
train/away/away_p16213402.jpg,train,img_aef32b9fac56,,none,True,none,unclear,Empty desk with laptop and calculator.,away
eval/distracted/distracted_013.jpg,eval,img_af45788c8883,,none,True,idle,unclear,No person visible. Phone is idle on the desk.,distracted
train/away/away_p8761312.jpg,train,img_af7dcb6362c2,,none,False,none,unclear,Empty classroom with no people present.,away
train/away/away_p14419238.jpg,train,img_af827a7ad2b4,,none,False,none,unclear,"No person visible, only empty chairs in a window reflection.",away
train/distracted/distracted_096.jpg,train,img_af981eb00fc8,phone,hands_only,True,in_use,phone,"Student holding smartphone over laptop, likely distracted.",distracted
eval/away/main_away_4924a8c6f38b.jpg,eval,img_af9d3321f5c1,,face_or_body,True,idle,camera,"Two men at a desk, both looking at the camera.",away
train/distracted/distracted_407.jpg,train,img_afbc11a53177,phone,hands_only,True,in_use,phone,Student holding and reading from a smartphone.,distracted
train/at_desk/at_desk_p9159067.jpg,train,img_afc206b09d01,focused,face_or_body,True,none,work,Student looking at laptop screen in a library setting.,at_desk
eval/away/away_p9300726.jpg,eval,img_afd73f767cf8,,none,True,none,unclear,Empty classroom with no people present.,away
train/uncertain/main_uncertain_d1f2e6b0f1e4.jpg,train,img_afdb5bded3c0,focused,face_or_body,True,none,work,Person sitting at desk facing computer monitor.,uncertain
eval/away/away_p6372917.jpg,eval,img_afe718a4f105,,none,True,none,unclear,No person visible; laptop on a wooden table.,away
train/away/away_p13813929.jpg,train,img_b00638f09142,,none,False,none,unclear,"No person visible in image, cannot determine attention.",away
train/at_desk/main_at_desk_387bf8e9802c.jpg,train,img_b028f67cfb81,focused,face_or_body,True,none,work,"Student wearing headphones, focused on laptop screen.",at_desk
train/distracted/main_distracted_2a375c6d458d.jpg,train,img_b07032252ee0,phone,hands_only,False,in_use,phone,"Person holding phone, looking at screen.",distracted
train/distracted/main_distracted_93dad30717dc.jpg,train,img_b07032252ee0,phone,hands_only,False,in_use,phone,Person holding and looking at phone screen.,distracted
train/distracted/main_distracted_d75b8e6105d7.jpg,train,img_b07032252ee0,phone,hands_only,False,in_use,phone,"Hands holding phone, viewing video editing interface with subtitles.",distracted
train/away/main_away_185dad414c5d.jpg,train,img_b0a70b6aedec,,face_or_body,False,none,elsewhere,"Person standing outdoors against a brick wall, not at a desk.",away
eval/at_desk/main_at_desk_cb3a88450a6e.jpg,eval,img_b0e3c411bb91,focused,face_or_body,True,none,work,Astronaut working on multiple laptops in space station.,at_desk
train/at_desk/at_desk_p13292119.jpg,train,img_b104385786e0,focused,face_or_body,True,none,work,Boy is focused on a laptop screen at a desk.,at_desk
train/uncertain/main_uncertain_18e8742b7a19.jpg,train,img_b104385786e0,focused,face_or_body,True,none,work,Pixelated image shows person at desk facing laptop screen.,uncertain
train/distracted/distracted_321.jpg,train,img_b113f170438b,phone,face_or_body,True,in_use,phone,Student holding and looking at phone.,distracted
train/at_desk/main_at_desk_c3baab4c38ce.jpg,train,img_b165170ef577,,none,False,none,unclear,"Image is an educational diagram, not a photo of a student.",at_desk
train/distracted/distracted_207.jpg,train,img_b16a3d90f9f9,phone,face_or_body,True,in_use,phone,Student looking at phone held in hands.,distracted
train/at_desk/at_desk_p12902939.jpg,train,img_b16a9aef0fbf,unfocused,face_or_body,True,none,elsewhere,"Man standing by window, looking away from laptop.",at_desk
train/uncertain/main_uncertain_ab2e44c56e92.jpg,train,img_b16a9aef0fbf,unfocused,face_or_body,True,none,elsewhere,"Man holding laptop, looking away thoughtfully near window.",uncertain
train/away/main_away_ee266e62887e.jpg,train,img_b18d7e4623ea,,face_or_body,False,none,elsewhere,"Person is playing a violin, not at a workspace.",away
train/distracted/distracted_238.jpg,train,img_b1b9b74e6f9a,phone,face_or_body,True,in_use,phone,"Student holding phone, looking at screen, laptop open nearby.",distracted
train/distracted/main_distracted_5e46924f503c.jpg,train,img_b1d6d8d12cb8,unfocused,face_or_body,True,none,elsewhere,"Person is talking to another person, not looking at work.",distracted
train/distracted/distracted_051.jpg,train,img_b1de4b8aa8c4,phone,face_or_body,True,in_use,phone,Person soldering a disassembled mobile phone on a wooden table with parts.,distracted
train/distracted/distracted_385.jpg,train,img_b20873ed5bfb,phone,face_or_body,True,in_use,phone,Person holding phone and looking at it.,distracted
train/at_desk/at_desk_p31039030.jpg,train,img_b229971c6872,,face_or_body,False,none,elsewhere,"People walking outside, not at a desk or workspace.",at_desk
train/at_desk/at_desk_p17767249.jpg,train,img_b25294cd9b70,focused,face_or_body,True,none,work,"Person focused on laptop, outdoors, not a desk.",at_desk
train/away/away_p4008300.jpg,train,img_b2791d1bfcfc,,none,False,idle,unclear,"Empty room with chair and laptop, no person present.",away
train/at_desk/at_desk_p39281826.jpg,train,img_b2ac98ef9ee5,phone,face_or_body,True,in_use,phone,"Student holding phone to ear, back turned to laptop.",at_desk
train/away/main_away_8152018e2539.jpg,train,img_b2bd02a971ea,,face_or_body,False,none,elsewhere,"Person is at a podium, not a desk workspace.",away
eval/at_desk/main_at_desk_2ccc69850eb4.jpg,eval,img_b2ea8767065c,,face_or_body,False,none,unclear,"Person sitting in a camper van, no workspace visible.",at_desk
train/at_desk/main_at_desk_e307a1261d94.jpg,train,img_b2f389e32416,unfocused,face_or_body,True,idle,elsewhere,"Person holding a microphone, looking up and away from monitors.",at_desk
train/distracted/distracted_405.jpg,train,img_b2f6b7a06412,phone,face_or_body,True,in_use,phone,Student sitting at desk looking at phone.,distracted
train/at_desk/at_desk_p6803542.jpg,train,img_b307ea5f9ee7,focused,face_or_body,True,none,work,"Student wearing headphones, looking at laptop screen.",at_desk
train/away/away_p205321.jpg,train,img_b309c3664839,,none,True,none,unclear,No person visible in the frame.,away
train/distracted/distracted_347.jpg,train,img_b32ccdcc610c,,none,False,none,unclear,"Image shows buildings and sky, no person or workspace.",distracted
train/at_desk/at_desk_p5905879.jpg,train,img_b3688e2d7002,focused,face_or_body,True,none,work,"Student focused on laptop, writing in notebook.",at_desk
train/away/main_away_826e648b8a9e.jpg,train,img_b3777c745470,,none,True,none,unclear,"Vintage room interior with desk and fireplace, no person visible.",away
train/at_desk/main_at_desk_17200a53e26e.jpg,train,img_b388b304c6c2,focused,face_or_body,False,none,work,Student using laptop on park bench.,at_desk
train/at_desk/main_at_desk_cfca6fdea5cc.jpg,train,img_b38ef2969b4a,focused,face_or_body,True,none,work,"Student looking at monitor, holding pen over notebook.",at_desk
train/uncertain/main_uncertain_503175619436.jpg,train,img_b38ef2969b4a,,face_or_body,True,none,unclear,Heavily blurred image; posture suggests desk use but attention cannot be determined.,uncertain
eval/at_desk/main_at_desk_fc343b0d2489.jpg,eval,img_b3a5b28e997d,,face_or_body,False,none,elsewhere,"Interview setting; subject looks at interviewer, not at work or camera.",at_desk
train/away/main_away_9a25c563f580.jpg,train,img_b3ab2d28c791,,face_or_body,False,none,camera,Person is looking directly at the camera.,away
train/away/away_p4884106.jpg,train,img_b3ec1883c843,,none,True,none,unclear,"Laptop visible on desk, no person present.",away
train/away/main_away_cb23bfd0e0bb.jpg,train,img_b4059a2251fe,,none,False,none,unclear,"Image is a 360-degree panorama, not a student at a desk.",away
train/away/away_p4884124.jpg,train,img_b48d80ffd090,,none,True,none,unclear,Laptop present but no person visible to judge attention.,away
train/at_desk/main_at_desk_24ccdb3e6586.jpg,train,img_b4a304531f0f,,face_or_body,False,none,elsewhere,"Student lying on grass with laptop, head in hands.",at_desk
train/away/away_p13977666.jpg,train,img_b4f511c3ab78,,none,False,none,unclear,Empty room with no person visible.,away
train/away/away_p31107362.jpg,train,img_b53a01c10924,,none,True,none,unclear,Empty table with water bottles and glasses.,away
eval/away/away_p35278717.jpg,eval,img_b5457c738231,,face_or_body,False,none,elsewhere,Silhouette of a person standing in an empty room.,away
train/distracted/main_distracted_a57dfcd5462f.jpg,train,img_b55c5c285033,phone,face_or_body,False,in_use,camera,Group of people taking photos outdoors with phones.,distracted
eval/distracted/main_distracted_0fc4a3b1c1b9.jpg,eval,img_b5931a2dd2f9,,face_or_body,False,idle,elsewhere,"Group setting, no desk. Subject holds phone, looks up.",distracted
train/away/main_away_8325313539ae.jpg,train,img_b5b5ffea4090,,none,True,none,unclear,Closed laptop on desk with glasses and notebook; no person visible.,away
train/distracted/distracted_046.jpg,train,img_b5ce2369c58a,,face_or_body,False,none,elsewhere,"Image shows people on a ship deck, not a desk workspace.",distracted
train/away/away_p6368894.jpg,train,img_b5d921239567,,none,True,idle,unclear,"Empty desk with phone visible, no person present.",away
train/away/rafast_chair_00005.jpg,train,img_b61cc45c0658,,none,True,none,unclear,"Empty office chair, no person visible.",away
train/at_desk/main_at_desk_408aa4829776.jpg,train,img_b6270adf49a5,focused,face_or_body,True,none,work,"Student typing on laptop, focused on screen.",at_desk
train/distracted/distracted_344.jpg,train,img_b63f20ffa79a,phone,face_or_body,False,in_use,phone,Student standing on stairs holding phone and books.,distracted
train/distracted/main_distracted_b86cf06178e1.jpg,train,img_b679cddc100d,phone,face_or_body,True,in_use,phone,Student looking down at phone held in hand.,distracted
train/at_desk/main_at_desk_1f561219a319.jpg,train,img_b682052cbf6c,,face_or_body,False,none,elsewhere,"Person holding balloons, head bowed down.",at_desk
train/at_desk/main_at_desk_def3cb18ac30.jpg,train,img_b6954253b046,,none,False,none,unclear,"Image shows handwritten notes on paper, no person visible.",at_desk
train/away/away_p19165508.jpg,train,img_b69fea2ec263,,none,True,none,unclear,Empty desk with no person visible.,away
train/distracted/distracted_150.jpg,train,img_b6ea5662a0b0,phone,face_or_body,False,in_use,phone,"Person sitting on bed using phone, not at a desk.",distracted
train/away/away_p5076513.jpg,train,img_b6f512287324,,none,True,none,unclear,"Empty workspace, no person visible.",away
train/away/rafast_chair_00072.jpg,train,img_b7525685cd57,,none,False,none,unclear,"No person visible, just a red floor chair.",away
train/away/rafast_chair_00023.jpg,train,img_b778a5ab4c68,,none,False,none,unclear,No person is visible in the image.,away
eval/away/away_p9301900.jpg,eval,img_b7a39257d047,,none,True,none,unclear,Empty conference room with table and chairs.,away
eval/at_desk/at_desk_p3778477.jpg,eval,img_b7fecf89baed,,hands_only,False,none,work,Person using laptop while standing outdoors.,at_desk
train/away/main_away_b931f3f2abef.jpg,train,img_b830de0cc039,,none,False,none,unclear,No person visible in the image.,away
eval/distracted/distracted_034.jpg,eval,img_b8531a190f83,,face_or_body,False,none,elsewhere,"Person in safety gear outdoors, not at a desk.",distracted
train/distracted/distracted_074.jpg,train,img_b8cdd41dd51e,phone,face_or_body,False,in_use,elsewhere,"Man outdoors on phone, no workspace visible.",distracted
train/at_desk/main_at_desk_e4fd677b0d86.jpg,train,img_b916b3486a7e,,face_or_body,False,none,elsewhere,"Person surfing on ocean wave, no desk visible.",at_desk
train/away/away_p256395.jpg,train,img_b92af02f23d5,,none,False,none,unclear,Empty classroom with desks and chairs.,away
train/uncertain/uncertain_syn_motion.jpg,train,img_b9749190aff6,,face_or_body,True,none,unclear,Image is too blurry to determine gaze or specific activity.,uncertain
train/away/away_p5483157.jpg,train,img_b99e48b6b6a5,focused,face_or_body,True,none,work,"Person seated at desk in office, facing forward toward work surface.",away
train/away/rafast_chair_00038.jpg,train,img_b9c366cb9eeb,,none,False,none,unclear,"Image shows an empty office chair, no person visible.",away
train/away/away_p10050584.jpg,train,img_b9dd26ea6c58,focused,face_or_body,True,idle,work,"Person sitting at desk, using keyboard and mouse.",away
eval/away/away_p9300765.jpg,eval,img_ba3aba232e3d,,none,True,none,unclear,"Empty classroom with desks and chairs, no students present.",away
train/distracted/distracted_417.jpg,train,img_ba468d7935bc,phone,face_or_body,True,in_use,phone,Person looking at phone while standing at desk.,distracted
train/distracted/main_distracted_3de5ecfbe9f5.jpg,train,img_ba4d404cb679,phone,face_or_body,False,in_use,phone,"Students standing outdoors on steps, actively using phones.",distracted
train/distracted/distracted_304.jpg,train,img_ba68a3c81989,phone,face_or_body,True,in_use,phone,Woman on phone call at desk with laptop.,distracted
eval/away/away_p5483055.jpg,eval,img_ba70a1448214,unfocused,face_or_body,True,none,elsewhere,Man walking in an empty office space.,away
train/at_desk/at_desk_p5303515.jpg,train,img_ba740f526752,focused,face_or_body,True,idle,work,Boy writing in notebook with books open.,at_desk
eval/distracted/distracted_093.jpg,eval,img_bb06b234fd1b,,face_or_body,True,none,camera,"Woman looking at phone camera on gimbal, laptop open in workspace.",distracted
eval/away/away_015.jpg,eval,img_bb71ba2d6088,,none,True,none,unclear,Laptop on glass desk showing dashboard; no person visible.,away
train/distracted/distracted_292.jpg,train,img_bbb4ab1cfa3c,phone,face_or_body,True,in_use,phone,Person holding phone and looking at screen while pointing.,distracted
eval/away/away_020.jpg,eval,img_bbdeb4c78d2e,,none,True,none,unclear,"Empty desk and chair, no person visible.",away
eval/away/main_away_a9c1a558755c.jpg,eval,img_bbdeb4c78d2e,,none,True,none,unclear,"Empty office workspace, no person visible.",away
eval/distracted/distracted_168.jpg,eval,img_bc299146acf3,phone,face_or_body,False,in_use,elsewhere,"Person on phone, looking away, sitting on bed.",distracted
train/distracted/main_distracted_eec690d10b38.jpg,train,img_bc36ac4670a4,phone,face_or_body,True,in_use,phone,Student holding phone and looking at it while drinking coffee.,distracted
eval/distracted/distracted_012.jpg,eval,img_bc4e6531097d,,hands_only,False,idle,unclear,"Only hand visible, phone is floating, outdoor scene.",distracted
train/at_desk/at_desk_p12912072.jpg,train,img_bc51379443b6,focused,face_or_body,True,none,work,Student typing on laptop at wooden table.,at_desk
eval/at_desk/main_at_desk_b745f9f45372.jpg,eval,img_bc6f23bcb84b,phone,face_or_body,True,in_use,phone,"Student holding phone, looking at screen, laptop open.",at_desk
train/distracted/distracted_260.jpg,train,img_bcbea1bf0f68,phone,face_or_body,True,in_use,phone,Student looking at phone held in hand.,distracted
train/distracted/main_distracted_b3f2b9b753f7.jpg,train,img_bcefbc49fe81,phone,face_or_body,False,in_use,phone,Person smiling while holding and looking at a phone.,distracted
train/at_desk/main_at_desk_5a8785b1bd49.jpg,train,img_bd01cfe39f05,,none,True,none,unclear,No person visible. Stacks of laptops on a table.,at_desk
train/at_desk/at_desk_p4260316.jpg,train,img_bd34f09b8a19,unfocused,face_or_body,True,none,elsewhere,"Girl looking away from work, holding a pen near mouth.",at_desk
train/at_desk/main_at_desk_3b943aedccb8.jpg,train,img_bd707dccb53d,,hands_only,True,none,work,"Person holds tablet, looking at screen, hands visible on desk.",at_desk
eval/at_desk/at_desk_p3861951.jpg,eval,img_bda4af4a6093,focused,face_or_body,True,none,work,Person looking at computer monitor with code.,at_desk
train/away/away_p4255727.jpg,train,img_bdb8c7ccd74c,,none,True,none,unclear,No student is visible in the frame.,away
train/distracted/distracted_255.jpg,train,img_bdd66cecb785,phone,face_or_body,True,in_use,phone,Man looking at phone while sitting at a table with a laptop.,distracted
eval/away/away_p5370067.jpg,eval,img_bde34bcb10d7,,none,False,none,unclear,No person visible in the image.,away
train/distracted/distracted_089.jpg,train,img_bde6756dd644,,none,True,idle,unclear,Desk setup with idle phone and peripherals. No person visible in frame.,distracted
train/distracted/distracted_411.jpg,train,img_be4679360b67,phone,face_or_body,True,in_use,phone,Student holding and looking at a smartphone.,distracted
train/at_desk/at_desk_p4008707.jpg,train,img_bed0443f0ff5,focused,face_or_body,True,none,work,"Student looking at monitor, hand on mouse.",at_desk
eval/away/away_p8386437.jpg,eval,img_beef09f1517a,,hands_only,False,none,unclear,Robotic hand reaching at abstract digital network background.,away
train/at_desk/main_at_desk_02ec282ee079.jpg,train,img_bf36bcf18c1f,,face_or_body,True,none,camera,Group of students posing behind desks in a studio classroom.,at_desk
train/away/rafast_chair_00024.jpg,train,img_bf39139ec394,,none,False,none,unclear,"Image contains only a chair, no person visible.",away
train/at_desk/at_desk_p7129666.jpg,train,img_bf644fec4e13,focused,face_or_body,True,none,work,Student looking at laptop screen while typing.,at_desk
train/distracted/main_distracted_4cade7a8663c.jpg,train,img_bf941bb66de4,phone,face_or_body,False,in_use,phone,"Girl looking at phone, not at a desk.",distracted
train/away/main_away_8a677fce8293.jpg,train,img_bfd87266550a,,face_or_body,True,none,camera,"Woman standing at desk looking at camera, no phone visible.",away
train/away/away_p19064002.jpg,train,img_c02c95b0da2e,,none,False,none,unclear,Empty classroom with no people visible.,away
eval/at_desk/main_at_desk_8e396029c34f.jpg,eval,img_c05d71a15898,,face_or_body,False,none,elsewhere,"Group on stage at ceremony, not a student study setting.",at_desk
train/uncertain/main_uncertain_c412d58f7ddc.jpg,eval,img_c05d71a15898,,face_or_body,False,none,elsewhere,"Stage event with people standing; no desk, study materials, or phone visible.",uncertain
train/at_desk/at_desk_p8837608.jpg,train,img_c0681fc22dcf,phone,face_or_body,True,in_use,phone,Woman looking at smartphone while seated at desk.,at_desk
train/away/main_away_b6e8b47c15a7.jpg,train,img_c0b98fdb374f,,face_or_body,False,none,elsewhere,"Person at a podium, gesturing, looking away from camera.",away
train/away/away_p8453807.jpg,train,img_c0cac37d4b6e,,none,False,none,unclear,"Empty room with a chair, no person present.",away
eval/away/main_away_dbecbae17a5b.jpg,eval,img_c10aedf11c8d,,none,False,none,unclear,No person visible; outdoor scene with a sofa.,away
eval/away/away_p5483236.jpg,eval,img_c112aa3b68ab,,none,True,none,unclear,No person visible in the workspace.,away
train/away/main_away_b5ae340ad99f.jpg,train,img_c12364446d8c,unfocused,face_or_body,True,none,elsewhere,Political cartoon; people at desks but not actual students.,away
train/distracted/distracted_294.jpg,train,img_c161dc2b4950,,hands_only,True,idle,unclear,Hand resting near phone and notebook on desk.,distracted
eval/away/main_away_1e5d18f8adfc.jpg,eval,img_c1a7d22b2f0b,,face_or_body,False,none,elsewhere,"Historical assembly hall, not a student at a desk.",away
train/away/away_p5806958.jpg,train,img_c20ca12623ad,,none,False,none,unclear,No person visible; image shows a chair with knitting supplies.,away
train/at_desk/main_at_desk_0d82fcfdbefa.jpg,train,img_c232372ea308,,none,True,none,unclear,"No person visible, workspace is empty.",at_desk
train/away/main_away_b533e91cd0be.jpg,train,img_c243d7802fce,,face_or_body,True,none,camera,Two men in a formal office posing for a photo.,away
train/at_desk/at_desk_p5453922.jpg,train,img_c26143ebfa7b,focused,face_or_body,True,none,work,"Student looking at monitor, wearing headphones, using mouse.",at_desk
train/at_desk/at_desk_p5355644.jpg,train,img_c266ef77c47e,,none,True,none,unclear,"Still life of tiles and pencil, no person visible.",at_desk
train/distracted/main_distracted_87cc08360beb.jpg,train,img_c28997e19df9,phone,face_or_body,False,in_use,camera,"Person holding phone up, taking photo of group.",distracted
eval/distracted/main_distracted_d09a80fa0968.jpg,eval,img_c31dbbce8cd7,,hands_only,True,none,work,Student using stylus on tablet.,distracted
train/at_desk/at_desk_p8770477.jpg,train,img_c352852c5b1e,,face_or_body,False,none,camera,"Man filming cooking video, looking at camera.",at_desk
train/away/away_p6177634.jpg,train,img_c37b0e6cf4da,,none,True,none,unclear,"Empty desk, no person visible.",away
train/away/rafast_chair_00062.jpg,train,img_c38a428db35d,,none,False,none,unclear,No person visible in image.,away
eval/at_desk/at_desk_p12902862.jpg,eval,img_c3e854208258,focused,face_or_body,True,none,work,Student typing code on laptop at a desk.,at_desk
eval/at_desk/main_at_desk_95faa1dcc0de.jpg,eval,img_c4839dc4ce32,,face_or_body,True,none,camera,"Student looks at the camera, hand on chin, laptop open.",at_desk
train/distracted/distracted_324.jpg,train,img_c48908fa68f6,phone,face_or_body,False,in_use,phone,Two students sitting together looking at a phone.,distracted
train/distracted/distracted_062.jpg,train,img_c48bc5f8043d,phone,face_or_body,True,in_use,phone,"Student holding and looking at phone, ignoring open notebook.",distracted
train/at_desk/at_desk_p18286981.jpg,train,img_c48bfc1657be,focused,face_or_body,True,none,work,Student looking at laptop screen with hand on head.,at_desk
eval/away/away_p8092309.jpg,eval,img_c49d9318f31e,,none,True,none,unclear,Workspace is set up but no person is visible to judge attention.,away
train/away/main_away_f1179741bce7.jpg,train,img_c4ae4c217fd8,,none,False,none,unclear,No person visible in the image.,away
train/away/away_p37822422.jpg,train,img_c4d87477857b,,none,False,none,unclear,"Empty classroom with desks, no student visible.",away
train/away/rafast_chair_00028.jpg,train,img_c4e451b14787,,none,False,none,unclear,No person visible in the image.,away
train/away/rafast_chair_00036.jpg,train,img_c4f5d39cb9e8,,none,False,none,unclear,"Image contains only a chair, no person or workspace.",away
train/uncertain/main_uncertain_b8bb842caf12.jpg,train,img_c5163b6937f5,phone,face_or_body,False,in_use,phone,Person standing and looking at phone.,uncertain
train/distracted/distracted_134.jpg,train,img_c55f5e9800fa,phone,body,True,in_use,phone,"Person holding phone, likely distracted from laptop.",distracted
eval/away/away_p30375847.jpg,eval,img_c56e90d20a6b,,none,False,none,unclear,Exterior building view; no student or webcam perspective visible.,away
train/at_desk/at_desk_p9158796.jpg,train,img_c57d4a364cad,focused,face_or_body,True,none,work,"Student typing on laptop, focused on screen.",at_desk
train/distracted/distracted_098.jpg,train,img_c5928938d640,,hands_only,True,idle,work,"Hands holding tablet, phone is idle on desk.",distracted
train/distracted/distracted_311.jpg,train,img_c5abf9a7390e,phone,face_or_body,True,in_use,phone,"Woman at desk looking at phone, laptop open.",distracted
eval/at_desk/at_desk_018.jpg,eval,img_c5e88ea0462d,,none,True,none,unclear,"Close-up of code on a monitor, no person visible.",at_desk
train/distracted/distracted_256.jpg,train,img_c5ed8abf031d,phone,face_or_body,True,in_use,phone,Man sitting at a desk looking at his smartphone.,distracted
train/distracted/distracted_308.jpg,train,img_c5f2f58fe82a,phone,face_or_body,True,in_use,elsewhere,"Person on phone call, looking down, hand on forehead.",distracted
train/at_desk/at_desk_p6326374.jpg,train,img_c64f35b43852,focused,face_or_body,True,idle,work,"Person visible on phone screen, appears focused on work.",at_desk
train/at_desk/at_desk_p7054515.jpg,train,img_c671b573c5f8,focused,face_or_body,True,idle,work,"Student typing on laptop, phone is idle on desk.",at_desk
train/away/main_away_9162ffff4625.jpg,train,img_c68e1b18d37c,,none,True,idle,unclear,No person visible. Phone is idle on desk.,away
eval/distracted/distracted_372.jpg,eval,img_c6b4bd68a9a2,phone,face_or_body,True,in_use,phone,Person is looking at and using a smartphone while sitting at a desk.,distracted
train/at_desk/main_at_desk_edba5e93533e.jpg,train,img_c6cf76368fa7,,face_or_body,False,none,unclear,"Stylized pixelated body image; no workspace, phone, or study context visible.",at_desk
eval/at_desk/at_desk_p4963010.jpg,eval,img_c74f95cb286e,focused,face_or_body,True,none,work,Student is writing and looking at laptop.,at_desk
train/distracted/distracted_335.jpg,train,img_c79cbfd2d45f,phone,face_or_body,True,in_use,phone,Student looking at phone while sitting at desk.,distracted
train/distracted/distracted_054.jpg,train,img_c7c751bfd039,phone,hands_only,True,in_use,phone,Student is scrolling through social media on their phone.,distracted
train/away/rafast_chair_00034.jpg,train,img_c8123d8d88b8,,none,False,none,unclear,"Image shows a black mesh chair back, no person visible.",away
eval/distracted/distracted_147.jpg,eval,img_c82b4fea8ec3,phone,face_or_body,False,in_use,work,"Student lying on bed, talking on phone while using laptop.",distracted
train/at_desk/main_at_desk_def58db38a92.jpg,train,img_c85028aae9c6,,face_or_body,False,none,unclear,"Artistic image, no workspace or phone visible.",at_desk
train/at_desk/main_at_desk_68b595ae99bb.jpg,train,img_c85e47846cc8,,none,False,none,unclear,"Image is a diagram, not a webcam view of a student.",at_desk
train/distracted/distracted_215.jpg,train,img_c86f44ffa323,phone,face_or_body,True,in_use,phone,Boy holding a phone while peers look on.,distracted
train/away/main_away_436d1f9627b3.jpg,train,img_c8a1a07ff76c,,none,True,none,unclear,"Empty study room, no person visible.",away
train/distracted/distracted_139.jpg,train,img_c8b1df245394,phone,face_or_body,False,in_use,phone,"Person in bed looking at phone, not at laptop.",distracted
eval/at_desk/at_desk_p12899156.jpg,eval,img_c96ae3bb9e46,focused,face_or_body,True,none,work,Person typing on laptop with code on screen.,at_desk
eval/away/rafast_chair_00087.jpg,eval,img_c971811e7575,,none,False,none,unclear,"Image is an office chair, no person or workspace visible.",away
train/distracted/distracted_208.jpg,train,img_c977b4fa7d35,phone,face_or_body,True,in_use,phone,Student taking a selfie with phone at desk.,distracted
train/at_desk/main_at_desk_711c5c362a86.jpg,train,img_c983eb2f49ca,,none,True,idle,unclear,"No person visible. Desk has laptop, landline phone, iPod, calculator, papers.",at_desk
train/distracted/main_distracted_2ea45b1a0f99.jpg,train,img_c99b16072c82,phone,face_or_body,False,in_use,phone,Multiple students outdoors using phones to take photos.,distracted
train/away/away_p8872505.jpg,train,img_c9a9b50663c2,,none,True,none,unclear,No person visible in the frame.,away
eval/away/main_away_5be72c5edbc7.jpg,eval,img_c9b03657fec2,,face_or_body,True,none,camera,Group posing for a photo at a desk.,away
train/away/away_p30105084.jpg,train,img_ca1a47526100,,none,True,none,unclear,Empty classroom with no people present.,away
train/away/rafast_chair_00078.jpg,train,img_ca23c72cf083,,none,False,none,unclear,Image shows only an empty office chair.,away
train/at_desk/at_desk_p7236612.jpg,train,img_ca273eb96638,focused,face_or_body,True,idle,work,"Student typing on laptop, phone idle on table.",at_desk
eval/away/away_p11519030.jpg,eval,img_ca2ee6d4c9ee,,none,False,none,unclear,No person visible in the image.,away
train/at_desk/at_desk_p5212657.jpg,train,img_ca36641af11d,focused,face_or_body,True,idle,work,Student engaged in video call on laptop.,at_desk
train/at_desk/main_at_desk_f73612bff63b.jpg,train,img_ca40ea3e8d39,,face_or_body,False,none,elsewhere,"Student is at a cafeteria buffet line, not a desk.",at_desk
train/away/rafast_chair_00041.jpg,train,img_ca7858a634c3,,none,False,none,unclear,Image shows an empty office chair with no person.,away
train/distracted/distracted_243.jpg,train,img_ca84c39c7077,phone,hands_only,True,in_use,phone,"Hand holding phone over laptop keyboard, screen facing user.",distracted
train/away/away_p691485.jpg,train,img_cab03a303f5f,,none,False,none,unclear,"Image shows empty chairs, no person is visible.",away
train/uncertain/main_uncertain_2b1108b154c4.jpg,train,img_cabc9077d936,focused,face_or_body,True,none,work,Person in plaid shirt at desk facing monitor; second person seated nearby.,uncertain
train/uncertain/main_uncertain_d8226aa1ada5.jpg,train,img_cabc9077d936,,face_or_body,True,none,camera,"Person seated at desk, looking directly at camera.",uncertain
train/away/away_p12349869.jpg,train,img_cae6e626fe64,,none,True,none,unclear,"Empty room, no person visible.",away
train/away/main_away_021ed7ad7c97.jpg,train,img_cb2fb212ab5d,,face_or_body,False,none,camera,"Historical group portrait, no workspace visible.",away
train/distracted/main_distracted_32e5b31b8000.jpg,train,img_cb6cf8420e35,,face_or_body,False,none,elsewhere,"Street vendor pushing cart, not at a desk or workspace.",distracted
train/away/away_p5483237.jpg,train,img_cb6d7bfcab98,phone,face_or_body,True,in_use,phone,Student sitting at desk looking down at phone.,away
train/distracted/distracted_353.jpg,train,img_cb7b95c6b1dc,phone,face_or_body,False,in_use,phone,Person sitting on couch looking at phone.,distracted
train/at_desk/at_desk_p32342047.jpg,train,img_cba063689d05,phone,face_or_body,True,in_use,phone,Person is holding a phone and looking at it.,at_desk
train/distracted/main_distracted_86d9452d94cb.jpg,train,img_cbeaf21bbe73,,none,False,none,unclear,"Image shows a phone box, no student visible.",distracted
train/at_desk/main_at_desk_21e4bf053786.jpg,train,img_cc8dd745ac4e,,face_or_body,False,none,elsewhere,"Crowd at event, no desk or work context.",at_desk
train/distracted/distracted_048.jpg,train,img_ccc306934ada,focused,face_or_body,True,none,work,Soldier in camouflage focused on laptop in tent workspace.,distracted
train/distracted/distracted_086.jpg,train,img_ccf1f6884612,phone,hands_only,True,in_use,phone,Hands visible using phone at desk.,distracted
eval/away/rafast_chair_00082.jpg,eval,img_cd35023cdd52,,none,False,none,unclear,"Image contains an inflatable chair, no person visible.",away
eval/at_desk/at_desk_p11206424.jpg,eval,img_cd9827d696d9,focused,face_or_body,True,none,work,Woman focused on laptop; man beside her looking down.,at_desk
train/at_desk/at_desk_p36764810.jpg,train,img_cda9427d3f82,focused,face_or_body,True,none,work,Student is typing on a laptop at a desk.,at_desk
eval/away/away_p7457920.jpg,eval,img_cdad6a6e864d,,none,False,none,unclear,Empty office space with no people visible.,away
train/away/away_p31145467.jpg,train,img_cded5115a601,,none,True,none,unclear,"Empty workspace, no person visible.",away
train/away/away_p6804605.jpg,train,img_cdf32b0e8d0f,,none,False,none,unclear,No person is visible in the image.,away
train/distracted/distracted_301.jpg,train,img_ce2f7c2fc837,phone,face_or_body,True,in_use,phone,"Person talking on phone, not looking at laptop.",distracted
train/distracted/distracted_037.jpg,train,img_ce30cf85707a,phone,face_or_body,False,in_use,phone,"Man sitting at outdoor table using phone, not a study workspace.",distracted
train/at_desk/at_desk_p4049459.jpg,train,img_ce3d4f839ab8,focused,face_or_body,False,idle,work,"Person sitting on couch using laptop, phone on cushion.",at_desk
train/distracted/distracted_267.jpg,train,img_ce6ac3efdd59,phone,face_or_body,True,in_use,phone,"Student in blue suit sitting at desk, looking at phone.",distracted
train/at_desk/at_desk_p4189446.jpg,train,img_ceacdd3bc9ad,,hands_only,True,none,work,Hands typing on a laptop keyboard.,at_desk
train/at_desk/at_desk_p9159039.jpg,train,img_ceb97d243eec,,face_or_body,False,none,camera,"Standing man holding folder, looking directly at camera.",at_desk
train/distracted/distracted_274.jpg,train,img_cec7a5b6d52e,phone,face_or_body,False,in_use,phone,Student holding phone and looking at it in hallway.,distracted
train/at_desk/at_desk_p5537527.jpg,train,img_cf4a4e98229f,focused,face_or_body,True,none,work,Student sitting at desk with laptop and notebook.,at_desk
train/away/main_away_324a052d2151.jpg,train,img_cfdf6f5fa53d,,none,True,none,unclear,"Empty desk, no person visible.",away
train/away/main_away_2edc95bcbec9.jpg,train,img_d0c4d5214359,,none,True,none,unclear,"Close-up of coffee cup, no person visible.",away
train/at_desk/at_desk_p17608506.jpg,train,img_d0f51f13f08b,focused,face_or_body,True,none,work,"Student typing on laptop, focused on screen.",at_desk
train/away/rafast_chair_00033.jpg,train,img_d17bc03714ee,,none,False,none,unclear,Image shows an empty office chair with no person.,away
eval/away/away_p9331582.jpg,eval,img_d1c11a325512,,none,False,none,unclear,Image shows an empty room with no person visible.,away
train/away/away_p33393712.jpg,train,img_d1daabb7730f,,none,False,none,unclear,No person visible in the image.,away
eval/uncertain/main_uncertain_fc35aff100fc.jpg,eval,img_d21d104710cb,,face_or_body,True,none,unclear,Extremely blurry image; multiple figures present; attention and device usage indeterminable.,uncertain
train/away/main_away_3e5e3ebce1fb.jpg,train,img_d2295cdbae71,,none,False,none,unclear,"Image is a floor plan blueprint, no person visible.",away
train/distracted/distracted_007.jpg,train,img_d2364c022565,phone,hands_only,True,in_use,phone,"Student holding phone, looking at screen, ignoring laptop.",distracted
train/distracted/main_distracted_e674eeb37e39.jpg,train,img_d2364c022565,phone,hands_only,True,in_use,phone,"Person holds phone in left hand, right hand on laptop; face not visible.",distracted
train/distracted/distracted_272.jpg,train,img_d25583a3fdef,phone,face_or_body,False,in_use,elsewhere,Student on stairs talking on phone with open book on lap.,distracted
train/at_desk/main_at_desk_9f1808ed6105.jpg,train,img_d2887237bcfe,,face_or_body,True,none,camera,Student sits at desk looking directly at the camera.,at_desk
train/at_desk/main_at_desk_3121c19d7e4c.jpg,train,img_d2fb70087459,,face_or_body,False,none,unclear,"Person facing away from camera, no workspace visible.",at_desk
train/distracted/main_distracted_01c6c90547a7.jpg,train,img_d360194c7ca5,,face_or_body,False,none,elsewhere,"Group photo outside auditorium, no desk visible.",distracted
train/distracted/distracted_413.jpg,train,img_d38b70063e61,phone,face_or_body,True,in_use,phone,"Person holding phone and cup, laptop open on desk.",distracted
train/distracted/main_distracted_096822b46513.jpg,train,img_d3a58322e996,,face_or_body,False,none,elsewhere,"Group photo outdoors at auditorium, no desk or study workspace visible.",distracted
eval/distracted/distracted_056.jpg,eval,img_d3b5698e8616,phone,face_or_body,True,in_use,phone,Person holding and looking at a smartphone screen.,distracted
eval/at_desk/at_desk_p16094043.jpg,eval,img_d3e0b811c12b,focused,face_or_body,True,none,work,"Person typing on laptop, focused on screen.",at_desk
train/away/away_p3847582.jpg,train,img_d3f9fc6096d6,,none,True,none,unclear,"No person visible, workspace is empty.",away
train/away/rafast_chair_00068.jpg,train,img_d47534cbf183,,none,False,none,unclear,"Image contains a chair, no person visible.",away
train/distracted/distracted_419.jpg,train,img_d483ad80525d,phone,face_or_body,True,in_use,phone,Student is smiling and looking at phone.,distracted
train/distracted/distracted_346.jpg,train,img_d48a8abc1620,phone,face_or_body,True,in_use,phone,Student sitting at desk looking at smartphone.,distracted
train/distracted/main_distracted_b70e11c7e627.jpg,train,img_d4e66f02414a,phone,face_or_body,True,in_use,phone,Three students gathered around a smartphone screen.,distracted
train/distracted/distracted_225.jpg,train,img_d4f1b80a07e6,phone,face_or_body,False,in_use,phone,"Two students on a couch, both looking at a phone.",distracted
train/distracted/distracted_235.jpg,train,img_d5142b6b725e,phone,hands_only,True,in_use,phone,"Hand holds phone with financial charts, laptop in background.",distracted
train/distracted/distracted_125.jpg,train,img_d519355d13cf,phone,hands_only,True,in_use,phone,"Hands holding phone, laptop in background, attention on phone.",distracted
train/away/away_p6044929.jpg,train,img_d558a116a6bf,,none,True,none,unclear,Empty workspace with computer and accessories visible.,away
train/at_desk/at_desk_p12911260.jpg,train,img_d56c9db66028,unfocused,face_or_body,True,none,elsewhere,Woman at desk looking away from monitor to the side.,at_desk
eval/away/main_away_90cc90c6ed41.jpg,eval,img_d58583ad464e,,face_or_body,False,none,elsewhere,"Person drinking from mug outdoors, not at a desk.",away
train/at_desk/at_desk_p6127959.jpg,train,img_d59eaf094c90,focused,face_or_body,True,none,work,Woman wearing mask typing on a laptop.,at_desk
train/at_desk/main_at_desk_1e674d6241ba.jpg,train,img_d5bb4133cf86,focused,face_or_body,True,none,work,Student looking at laptop screen.,at_desk
eval/uncertain/main_uncertain_9d4b6265023f.jpg,eval,img_d5c16eb69ac3,,face_or_body,True,none,unclear,Two people visible in dark workspace; attention cannot be determined.,uncertain
train/at_desk/main_at_desk_e4325b5f8c98.jpg,train,img_d601e177a391,,none,False,none,unclear,"Papers on chair, foot visible, no student present.",at_desk
train/at_desk/main_at_desk_51b9b14f2482.jpg,train,img_d61294a48b21,focused,face_or_body,False,none,work,Person sitting on grass outdoors using a laptop under a tree.,at_desk
train/at_desk/main_at_desk_52d17437bd4c.jpg,train,img_d61b7993412b,,hands_only,True,idle,work,"Student typing on laptop, phone is visible but idle.",at_desk
train/at_desk/main_at_desk_05aff6a03d7b.jpg,train,img_d64a19c8ad75,focused,face_or_body,True,none,work,Soldier in uniform using laptop in cluttered room with others in background.,at_desk
train/away/main_away_b3284d1ea861.jpg,train,img_d681086a1216,,face_or_body,False,none,elsewhere,"Political cartoon; no real student, desk, or phone present.",away
train/away/away_p3747486.jpg,train,img_d6852c913951,,none,True,none,unclear,Empty computer lab with no people present.,away
train/distracted/distracted_216.jpg,train,img_d6a0839ab633,phone,face_or_body,True,in_use,phone,"Girl sitting at desk, focused on smartphone in hands.",distracted
train/at_desk/at_desk_p5704728.jpg,train,img_d6a0f112d41a,,hands_only,True,none,work,"Student typing on laptop, focused on work.",at_desk
eval/away/away_p4300078.jpg,eval,img_d6c9ac13162d,,none,False,none,unclear,"Image shows a shower corner, no person or desk present.",away
train/at_desk/main_at_desk_edcde7f628d8.jpg,train,img_d6effe820f3a,,face_or_body,False,none,elsewhere,"Large audience in auditorium, no desk or student present.",at_desk
train/away/main_away_c0733f229494.jpg,train,img_d708117fade2,,face_or_body,False,none,camera,"Person looking directly into camera, no workspace visible.",away
train/distracted/distracted_393.jpg,train,img_d7338351ba95,phone,hands_only,True,in_use,phone,"Hands holding phone over desk, screen is white.",distracted
train/at_desk/at_desk_p6803543.jpg,train,img_d77256988983,focused,face_or_body,True,none,work,"Man typing on keyboard, looking at monitor.",at_desk
train/at_desk/main_at_desk_64a783c7a17e.jpg,train,img_d7a177206982,focused,face_or_body,True,none,work,Person sitting at desk looking at computer monitor.,at_desk
eval/at_desk/at_desk_p37808313.jpg,eval,img_d7c1f135287e,,none,True,none,unclear,Close-up of alarm clock and papers on desk; no person visible.,at_desk
train/uncertain/main_uncertain_9927020528b7.jpg,train,img_d7d2fba8a9d8,,face_or_body,False,none,elsewhere,"Person on couch looking away, no desk or device in use.",uncertain
train/distracted/distracted_389.jpg,train,img_d7e62476f3a0,phone,face_or_body,True,in_use,phone,Person is holding and looking at a smartphone.,distracted
train/away/main_away_e3a297eefa6b.jpg,train,img_d80f8f8b0dcf,,face_or_body,False,none,elsewhere,Surreal photo of man with flying cats; no desk or work visible.,away
train/at_desk/main_at_desk_ddf686d1a17d.jpg,train,img_d83e0c3ce640,,face_or_body,False,none,camera,"Group ceremony photo, no individual study workspace visible.",at_desk
train/away/rafast_chair_00007.jpg,train,img_d852a2d6649b,,none,False,none,unclear,"Image shows an empty office chair, no person present.",away
eval/at_desk/at_desk_p26173076.jpg,eval,img_d8736f94c82d,focused,face_or_body,True,idle,work,Student focused on laptop with phone on desk.,at_desk
train/away/away_p6611937.jpg,train,img_d8d50af64d5f,,none,True,none,unclear,Laptop on desk; no person or phone visible in the image.,away
train/at_desk/at_desk_p5940716.jpg,train,img_d8daf1c7d74c,focused,face_or_body,True,none,work,Woman looking at laptop screen while man looks on.,at_desk
train/away/away_p5717301.jpg,train,img_d8e25ee07e09,,none,True,none,unclear,Empty desk with no person visible.,away
train/away/away_p5483245.jpg,train,img_d8f0cfe0d409,,none,True,none,unclear,"Empty office space, no person visible.",away
train/away/away_p24971993.jpg,train,img_d91b1f97b9b3,,none,False,none,unclear,"Image shows empty tiled hallway, no person visible.",away
train/away/away_p25526521.jpg,train,img_d94774da6531,,none,True,none,unclear,Empty photo studio workspace with no person visible.,away
eval/distracted/distracted_117.jpg,eval,img_d9580669185a,phone,hands_only,True,in_use,phone,Student holding phone while laptop sits open on desk.,distracted
train/away/away_p31918376.jpg,train,img_d9608ed323f6,,none,True,none,unclear,"Empty workspace with laptop open, no person visible.",away
train/away/away_p3778615.jpg,train,img_d986fec13241,focused,face_or_body,True,none,work,Open office with multiple people working at computers.,away
train/away/away_p15195276.jpg,train,img_d9975555307c,,none,True,idle,unclear,"Desk setup with phone and stethoscope, no person visible.",away
train/uncertain/main_uncertain_022650213b4b.jpg,train,img_d9af79f6b5e4,,face_or_body,False,none,unclear,"Image extremely blurred; multiple figures visible; no clear desk, device, or focus determinable.",uncertain
eval/distracted/distracted_129.jpg,eval,img_d9cf8d304222,phone,hands_only,True,in_use,phone,Hands visible using smartphone next to laptop.,distracted
train/away/main_away_6c847549f119.jpg,train,img_da0cf1d1dc6f,,face_or_body,False,none,elsewhere,"Person speaking at a podium, looking away from the camera.",away
train/at_desk/at_desk_p6860396.jpg,train,img_da346fe5c714,focused,face_or_body,True,none,work,Student is writing in a notebook at a desk.,at_desk
train/away/away_p5824550.jpg,train,img_da7efbebbb11,,none,True,none,unclear,No person is visible in the frame.,away
train/distracted/main_distracted_ca30a4b9f5d2.jpg,train,img_da89dcff6bb6,,none,False,none,unclear,Hand-drawn UI wireframe on graph paper; no person or device visible.,distracted
train/distracted/distracted_338.jpg,train,img_dae30c4a8b47,phone,face_or_body,False,in_use,phone,"Student standing against wall, looking at phone.",distracted
train/distracted/distracted_362.jpg,train,img_db0f3f87d95d,phone,face_or_body,True,in_use,phone,"Student smiling while looking at phone, ignoring laptop.",distracted
train/at_desk/at_desk_p7792750.jpg,train,img_db50aa772afa,unfocused,face_or_body,True,none,elsewhere,"Man standing by chair, looking away from desk.",at_desk
train/away/rafast_chair_00071.jpg,train,img_db5a17b7ac15,,none,False,none,unclear,"Image shows furniture, no person present for classification.",away
train/at_desk/at_desk_p8197551.jpg,train,img_db9e48160d4d,unfocused,face_or_body,True,none,elsewhere,Student looking at lecturer instead of laptop.,at_desk
train/at_desk/main_at_desk_333a5a77ce77.jpg,train,img_dba1d8971a4c,focused,face_or_body,True,none,work,Boy sitting at a table using a laptop.,at_desk
train/at_desk/main_at_desk_3f4426059259.jpg,train,img_dbb824a9e861,focused,face_or_body,True,none,work,Student taking notes while attending online class.,at_desk
eval/away/away_p18471478.jpg,eval,img_dbb8cfc4c777,,none,True,none,unclear,No person visible in the image.,away
eval/distracted/main_distracted_55f2c4664acc.jpg,eval,img_dbc0bf1eac22,phone,hands_only,False,in_use,phone,Hands holding smartphone to record a speaker at an event.,distracted
train/away/away_p7964503.jpg,train,img_dbe20677d9d6,focused,face_or_body,True,none,work,Person is typing on a laptop at a desk.,away
eval/away/away_p5453848.jpg,eval,img_dbebfa4a0025,,face_or_body,True,none,camera,"Man in headset with feet on desk, looking at camera.",away
train/away/away_p6683392.jpg,train,img_dc16afb2a4ef,,none,False,none,unclear,"Empty classroom with desks, no person visible.",away
train/distracted/distracted_001.jpg,train,img_dc6022805309,phone,hands_only,True,in_use,phone,"Student holding phone, likely distracted from work.",distracted
train/distracted/main_distracted_c91926d2f89d.jpg,train,img_dc6022805309,phone,hands_only,True,in_use,phone,"Person holding phone, focused on screen, workspace visible.",distracted
eval/distracted/distracted_081.jpg,eval,img_dc80a2fb72d0,phone,hands_only,True,in_use,phone,"Person holding phone, looking at screen, laptop nearby.",distracted
train/away/rafast_chair_00064.jpg,train,img_dd02a88182f0,,none,False,none,unclear,"Image contains only a chair, no student visible.",away
eval/at_desk/main_at_desk_4961f974ff39.jpg,eval,img_dd381dd45d03,,none,False,none,unclear,"Image shows a Lenovo product label, no person visible.",at_desk
train/at_desk/main_at_desk_1800c869dbd0.jpg,train,img_dd47397970e9,,hands_only,True,none,work,"Hands typing on keyboard, overlaid with data graphics.",at_desk
train/away/away_p6177567.jpg,train,img_dd4ae5e8897d,,none,True,none,unclear,No person visible. Empty desk with computer and study materials.,away
train/away/away_p6044812.jpg,train,img_dd5bcc1144ba,,none,False,none,unclear,"Empty office space, no person visible.",away
train/at_desk/main_at_desk_9e8763889398.jpg,train,img_dddee93a51d6,focused,face_or_body,True,none,work,"Man typing on laptop, looking at screen.",at_desk
train/distracted/main_distracted_1f4c35745ad7.jpg,train,img_dde13ea70d20,phone,face_or_body,True,in_use,phone,Student looking down at phone held in hands.,distracted
train/away/away_p5278887.jpg,train,img_ddfc8909eaef,,none,True,none,unclear,"Empty desk setup, no person visible.",away
eval/distracted/main_distracted_afa68caf38ff.jpg,eval,img_de011cd1438f,,none,False,none,unclear,No person visible; image shows a street with trash bins and a building.,distracted
train/away/main_away_08751f6b3531.jpg,train,img_de13a4f81070,,none,False,none,unclear,"Architectural drawing, no person or workspace visible.",away
eval/at_desk/at_desk_019.jpg,eval,img_de753b4de355,,none,True,idle,unclear,"No person visible, phone is idle on desk.",at_desk
train/distracted/distracted_325.jpg,train,img_de79703d1f74,phone,face_or_body,False,in_use,phone,Woman sitting outdoors looking at her phone.,distracted
train/distracted/distracted_297.jpg,train,img_decb647f93b4,phone,hands_only,True,in_use,phone,Hands cleaning a phone screen on a desk.,distracted
eval/at_desk/at_desk_p1785893.jpg,eval,img_ded8c9e1a17c,focused,face_or_body,True,none,work,"Person on couch using laptop, face cropped out.",at_desk
train/distracted/main_distracted_96eaea31ea25.jpg,train,img_dedb402fba53,phone,face_or_body,True,in_use,phone,Student at table focused on smartphone screen.,distracted
eval/away/away_p12526862.jpg,eval,img_dedc24556f5f,,none,True,none,unclear,No person visible in the workspace.,away
train/at_desk/at_desk_p5905458.jpg,train,img_dee6887ebf8d,unfocused,face_or_body,True,none,elsewhere,Student raising hand in classroom looking at teacher.,at_desk
train/distracted/main_distracted_8ca833aa4776.jpg,train,img_def942aac2fb,phone,hands_only,True,in_use,phone,Person holding and looking at phone in front of monitor.,distracted
train/at_desk/at_desk_p17767282.jpg,train,img_df3e2acde7a9,focused,face_or_body,False,none,work,Person sitting on grass using a laptop.,at_desk
eval/away/main_away_9a4bf5385f4d.jpg,eval,img_df40b1992d21,,none,False,none,unclear,Empty classroom; no students or staff visible at desks.,away
eval/away/away_p34096773.jpg,eval,img_df496a2440c1,,none,True,none,unclear,"Empty desk with laptop, no person visible.",away
eval/at_desk/at_desk_p34804007.jpg,eval,img_dfd09519093d,,hands_only,True,none,work,"Hands typing on laptop keyboard, glasses on desk.",at_desk
train/distracted/distracted_166.jpg,train,img_dff8d568f893,phone,face_or_body,True,in_use,phone,Student is looking at a phone instead of the open book.,distracted
train/distracted/distracted_080.jpg,train,img_dff9385a46d2,phone,face_or_body,True,in_use,phone,Student looking down at phone in hands.,distracted
train/at_desk/main_at_desk_a87ab79f6ee7.jpg,train,img_e00edbef05b1,focused,face_or_body,True,none,work,Child looking at laptop screen while writing in notebook.,at_desk
train/at_desk/main_at_desk_0b4a36cc247e.jpg,train,img_e07caee84192,focused,face_or_body,True,idle,work,"Student typing on laptop, phone on desk.",at_desk
train/away/main_away_73d6c17e545f.jpg,train,img_e0abbd7b4a22,,none,False,none,unclear,"Image shows a building exterior, not a student workspace.",away
train/distracted/distracted_262.jpg,train,img_e0aeec071b88,phone,face_or_body,True,in_use,phone,Student holding phone with both hands over desk.,distracted
train/distracted/distracted_253.jpg,train,img_e0c011e09ddf,phone,face_or_body,True,in_use,phone,Man leaning on chair looking at phone.,distracted
train/at_desk/main_at_desk_f8f253a439ac.jpg,train,img_e0d23398b105,,face_or_body,False,none,unclear,"Abstract figure, no workspace or phone visible.",at_desk
train/distracted/distracted_275.jpg,train,img_e13bddbe96ae,phone,face_or_body,True,in_use,phone,Student is holding and looking at a smartphone.,distracted
train/away/main_away_de6a8a13c66a.jpg,train,img_e14260648cf9,unfocused,face_or_body,True,none,elsewhere,Student is asleep or resting head on desk.,away
train/distracted/distracted_246.jpg,train,img_e154fd29ef9f,phone,face_or_body,True,in_use,phone,"Student holding phone and looking at screen, ignoring computer.",distracted
eval/distracted/distracted_030.jpg,eval,img_e16dac092066,,face_or_body,False,none,elsewhere,Workers on ship deck handling ropes; not a student at desk.,distracted
eval/distracted/main_distracted_e39844c76486.jpg,eval,img_e1f57cbee126,phone,face_or_body,False,in_use,phone,Student standing in corridor looking at phone.,distracted
train/away/away_p7964354.jpg,train,img_e2017008ca49,unfocused,face_or_body,True,none,elsewhere,Student talking to another person in office cubicle.,away
train/away/main_away_e97286b472c0.jpg,train,img_e22f0d1ca932,unfocused,face_or_body,True,none,elsewhere,Contact sheet of 1977 office scenes; no single webcam subject or phone visible.,away
eval/away/main_away_70406dd36606.jpg,eval,img_e2446fdef6d7,,none,True,none,unclear,Empty chair and desk with laptop; no person visible.,away
eval/away/away_p6044837.jpg,eval,img_e267ef48b4c6,,none,True,none,unclear,"Empty desk with computer setup, no person visible.",away
train/distracted/distracted_078.jpg,train,img_e2ab89ef3d7f,phone,face_or_body,False,in_use,phone,Student looking down at smartphone in hand,distracted
train/away/away_p5082973.jpg,train,img_e2ade6e05e5d,,none,True,none,unclear,"Laptop is on a chair, not a desk, with no person visible.",away
train/at_desk/at_desk_p16764124.jpg,train,img_e2b959f45482,focused,face_or_body,True,none,work,Man wearing glasses looking intently at a screen.,at_desk
eval/distracted/distracted_167.jpg,eval,img_e2e413a6aa53,phone,face_or_body,False,in_use,phone,Student is holding a phone and looking at the screen.,distracted
train/away/rafast_chair_00046.jpg,train,img_e32ae1d9fd6a,,none,False,none,unclear,"Empty office chair, no person visible.",away
train/away/away_p5483053.jpg,train,img_e32b6778fcad,unfocused,face_or_body,True,none,elsewhere,"Man sitting at desk looking down, not at screen.",away
train/at_desk/main_at_desk_ff0aa3a4298a.jpg,train,img_e356f7e5d04e,phone,face_or_body,True,in_use,phone,"Student sitting on floor, talking on phone while laptop is open.",at_desk
train/away/rafast_chair_00019.jpg,train,img_e38c8c4ec035,,none,False,none,unclear,No person is visible in the image.,away
train/distracted/distracted_232.jpg,train,img_e3ef39c95667,phone,hands_only,True,in_use,phone,Student using phone at desk with computer monitor.,distracted
train/at_desk/at_desk_p8055860.jpg,train,img_e42567d4b1ce,focused,face_or_body,True,none,work,Student watching teacher on laptop screen while holding a pink pen.,at_desk
eval/distracted/distracted_097.jpg,eval,img_e42de3c11770,phone,hands_only,True,in_use,phone,Hand holding phone over desk with laptop and headphones.,distracted
train/distracted/distracted_133.jpg,train,img_e45b5aae3fab,phone,face_or_body,True,in_use,phone,"Student holding phone and laptop, looking at phone screen.",distracted
train/at_desk/main_at_desk_8e7bbc92e20e.jpg,train,img_e4a7a5fec26f,focused,face_or_body,False,none,work,"Outdoor statue of woman with laptop, not a real student webcam view.",at_desk
train/at_desk/at_desk_p5905886.jpg,train,img_e4b4d6f71fd2,focused,face_or_body,True,none,work,"Student looking at laptop screen, hand on chin.",at_desk
train/away/main_away_bfea81446798.jpg,train,img_e4e853153947,,none,False,none,unclear,"Image shows an outdoor construction site, no student or desk present.",away
train/distracted/distracted_070.jpg,train,img_e5014f9b7bd2,,none,True,none,unclear,"Empty desk with open laptop, no person visible.",distracted
train/distracted/distracted_170.jpg,train,img_e534756ea6b2,phone,face_or_body,False,in_use,phone,"Student looking at phone, not at workspace.",distracted
eval/at_desk/main_at_desk_2f5c30bc82f7.jpg,eval,img_e55375463c60,,face_or_body,True,none,camera,"Student smiling at camera, hands on laptop.",at_desk
train/at_desk/main_at_desk_c2a836469b4b.jpg,train,img_e586c79899a0,,face_or_body,False,none,elsewhere,Naked person on a boat looking at the water.,at_desk
train/distracted/main_distracted_662680189098.jpg,train,img_e5a5094fe7a5,phone,face_or_body,False,in_use,phone,Student taking a selfie with a smartphone.,distracted
train/distracted/distracted_424.jpg,train,img_e5b83a584ebf,phone,face_or_body,True,in_use,phone,Person holding phone at desk; laptop and tablet visible; face not shown but posture suggests phone focus.,distracted
train/at_desk/at_desk_p5412029.jpg,train,img_e5baa4fd4eef,focused,face_or_body,True,none,work,"Man focused on laptop screen, woman in background blurred.",at_desk
train/at_desk/at_desk_p5912197.jpg,train,img_e5befae414d1,,hands_only,True,none,work,Student is typing on a laptop at a desk.,at_desk
train/away/main_away_68000a7ae8b0.jpg,train,img_e6088f1c19e9,,none,False,none,unclear,"Vintage soap advertisement; no person, workspace, or phone visible.",away
train/away/main_away_402f7ce58801.jpg,train,img_e61f6a2c5af0,,none,True,none,unclear,No person is visible in the image.,away
train/at_desk/main_at_desk_ba3b130e621f.jpg,train,img_e6293cbdb76e,,none,False,none,unclear,Empty library interior. No person visible.,at_desk
train/distracted/main_distracted_641f853b161b.jpg,train,img_e6dd5efa79f3,phone,face_or_body,False,in_use,phone,"Woman standing in public waiting area, looking at phone, no desk present.",distracted
train/distracted/distracted_066.jpg,train,img_e6e209bd9378,phone,hands_only,True,in_use,unclear,Hands holding phone over laptop; face not visible.,distracted
train/away/away_p6177638.jpg,train,img_e7759e905d66,,none,True,none,unclear,No person visible in the frame.,away
train/distracted/distracted_095.jpg,train,img_e78a308c7017,phone,hands_only,True,in_use,phone,Hand holding phone over desk with keyboard visible.,distracted
eval/distracted/distracted_032.jpg,eval,img_e78f15c03086,phone,face_or_body,False,in_use,phone,Man standing in showroom looking at phone.,distracted
train/at_desk/at_desk_p12498876.jpg,train,img_e7fcea91accc,focused,face_or_body,True,none,work,"Woman using laptop and mouse, appears focused on screen.",at_desk
eval/at_desk/main_at_desk_9e21d2734acd.jpg,eval,img_e7ff95957b79,focused,face_or_body,True,none,work,Orange figure sitting at desk using laptop.,at_desk
eval/at_desk/at_desk_p7191769.jpg,eval,img_e82c46b8454a,focused,face_or_body,True,none,work,Student is looking intently at a laptop screen.,at_desk
train/away/away_p16513404.jpg,train,img_e838194bfbfd,,none,False,none,unclear,Image shows an empty grid of shelves; no person is visible.,away
eval/uncertain/uncertain_syn_dark.jpg,eval,img_e849c8123d29,unfocused,face_or_body,True,none,elsewhere,Students in classroom facing teacher; one student raising hand.,uncertain
train/away/away_p3747480.jpg,train,img_e851ee108cb0,,none,True,none,unclear,Empty computer lab with multiple monitors and keyboards.,away
train/away/away_p7793662.jpg,train,img_e87b7e24f50e,,none,True,none,unclear,Empty desk with laptop; no person visible.,away
train/away/main_away_e18193c681c4.jpg,train,img_e8b1c81d65ad,,none,True,none,unclear,"No person visible, coffee cup on a table.",away
train/away/rafast_chair_00049.jpg,train,img_e8b3e12047cb,,none,False,none,unclear,Image shows an empty office chair with no person present.,away
train/distracted/distracted_349.jpg,train,img_e8c96f0badcf,phone,face_or_body,True,in_use,phone,Student at desk looking at phone screen.,distracted
train/at_desk/at_desk_p5530485.jpg,train,img_e9042da404e0,focused,face_or_body,True,none,work,"Student focused on computer screen, typing.",at_desk
train/distracted/distracted_377.jpg,train,img_e92203b11bbc,phone,hands_only,True,in_use,phone,"Student holding phone with both hands, viewing a graph.",distracted
train/distracted/main_distracted_17711f537e4c.jpg,train,img_e94a183a0c31,phone,face_or_body,False,in_use,phone,Person sitting on a bench looking at a phone.,distracted
train/away/main_away_019e0e62721a.jpg,train,img_e96a83d4907a,,face_or_body,False,none,unclear,"Image is a contact sheet of historical photos, not a single student webcam view.",away
train/at_desk/at_desk_p9159065.jpg,train,img_e99e91df0bc4,,face_or_body,True,none,camera,"Student is looking directly at the camera, not at work.",at_desk
eval/away/away_p322338.jpg,eval,img_e9af971c276d,,none,True,none,unclear,Empty workspace with computer and no person visible.,away
train/at_desk/at_desk_p12899196.jpg,train,img_ea245e98284f,focused,face_or_body,True,none,work,Person typing at desk looking at monitor.,at_desk
eval/uncertain/uncertain_002.jpg,eval,img_ea4829bacad3,,none,False,none,unclear,"Image shows mountains, moon, and trees. No person visible.",uncertain
train/distracted/distracted_028.jpg,train,img_ea701c970402,,none,False,none,unclear,"Image shows a ship, no person visible for classification.",distracted
eval/distracted/main_distracted_9c868aa3242e.jpg,eval,img_ea7e92860182,,face_or_body,False,none,camera,Group posing outdoors; no desk or workspace visible.,distracted
train/away/away_p10545844.jpg,train,img_eaca99fd76fe,,none,True,none,unclear,No person visible in the image.,away
eval/away/main_away_3a3c5eee5936.jpg,eval,img_eb847a8061c4,,none,True,none,unclear,Close-up of open book with eyeglasses resting on text. No person visible.,away
eval/distracted/main_distracted_c370ae73a953.jpg,eval,img_eb922b14e27a,,face_or_body,False,none,elsewhere,Contact sheet of social event; no desk or workspace visible.,distracted
train/distracted/main_distracted_9b129a9a05ff.jpg,train,img_ebab451a56a1,phone,face_or_body,False,in_use,phone,"Person riding bike, looking at phone.",distracted
train/at_desk/at_desk_p7102.jpg,train,img_ebbaa378a569,,hands_only,True,none,unclear,"Person's face is not visible, only arm and laptop.",at_desk
train/at_desk/at_desk_p35545648.jpg,train,img_ebdcec0ba33e,focused,face_or_body,True,idle,work,Student focused on laptop screen; phone idle on desk.,at_desk
train/at_desk/at_desk_p5717796.jpg,train,img_ec70adb16676,focused,face_or_body,True,idle,work,"Man holding glasses, looking at laptop screen.",at_desk
eval/away/away_p5483059.jpg,eval,img_ec9e242e7f1c,,none,True,none,unclear,"Empty office space, no people visible.",away
train/distracted/distracted_380.jpg,train,img_ecbfdf9fe98a,phone,face_or_body,True,in_use,phone,Person looking down at smartphone in hand.,distracted
train/away/main_away_17c6d87b2d92.jpg,train,img_ecda5b81db8c,,face_or_body,False,none,elsewhere,"A crowd at a formal event, not a student at a desk.",away
train/away/away_p16181985.jpg,train,img_ed046f224c39,,none,True,none,unclear,"Empty workspace visible, no person present.",away
train/at_desk/at_desk_p33471329.jpg,train,img_ed1712243a79,focused,face_or_body,False,none,work,"Woman sitting on a log in the forest, focused on her laptop.",at_desk
eval/away/away_p27601018.jpg,eval,img_ed3c0723f7f9,,none,True,none,unclear,"Empty workspace with computers, no person present.",away
train/at_desk/at_desk_p7580648.jpg,train,img_ed5afb362cb6,unfocused,face_or_body,True,none,elsewhere,Seated individuals looking at a standing presenter.,at_desk
train/away/main_away_8f2362d9452f.jpg,train,img_ed8092cde707,,none,True,none,unclear,"Empty office space, no people visible.",away
train/away/rafast_chair_00029.jpg,train,img_ed9530b12da4,,none,False,none,unclear,"Image shows an armchair, no person or workspace visible.",away
train/distracted/distracted_049.jpg,train,img_ed9b2274a595,,face_or_body,False,none,elsewhere,"People running outdoors in smoke, no desk or workspace visible.",distracted
train/away/main_away_fc8540b605f0.jpg,train,img_edfdbf9ffbb6,,face_or_body,False,none,camera,"Subject is Donald Trump, not a student.",away
train/away/away_p8761301.jpg,train,img_ee6c685ee563,,none,True,none,unclear,Empty classroom with chairs and projector screen visible.,away
eval/distracted/main_distracted_69764ec3c4d7.jpg,eval,img_eea9d629e7b0,phone,face_or_body,False,in_use,phone,"Crowd scene, person holding phone up to take a photo.",distracted
train/at_desk/at_desk_p12911640.jpg,train,img_ef00e363a0f5,focused,face_or_body,True,none,work,Student studying with laptop and open notebook on couch.,at_desk
train/away/rafast_chair_00026.jpg,train,img_ef08cb186434,,none,False,none,unclear,Image shows an empty white folding chair.,away
eval/at_desk/main_at_desk_c4a2dc2be783.jpg,eval,img_ef241c76530f,,face_or_body,False,none,camera,Three people posing for a photo on a stage.,at_desk
train/at_desk/at_desk_p39204864.jpg,train,img_ef273b236fde,unfocused,face_or_body,True,none,elsewhere,Woman holding clipboard looking at colleague.,at_desk
train/away/away_p6044829.jpg,train,img_ef5c40efd77c,,none,True,idle,unclear,Empty desk with computer and phone visible.,away
eval/at_desk/at_desk_p16129728.jpg,eval,img_ef5ce4f2ecae,focused,face_or_body,True,none,work,Student is focused on coding on the monitor.,at_desk
train/at_desk/main_at_desk_7eaa021dda5d.jpg,train,img_ef8b10e9d165,,face_or_body,True,none,unclear,"Face not visible, holding mug, laptop present.",at_desk
train/distracted/distracted_350.jpg,train,img_ef99f32c022c,phone,face_or_body,False,in_use,phone,"Person on couch looking at phone, laptop idle.",distracted
train/at_desk/main_at_desk_844c621ad895.jpg,train,img_efbf25109c07,,face_or_body,True,none,camera,Teacher standing by student desks looking at camera.,at_desk
train/at_desk/at_desk_p12911714.jpg,train,img_efcb5d497f66,focused,face_or_body,True,none,work,Student working on laptop while eating cereal.,at_desk
train/at_desk/main_at_desk_1575e5e19696.jpg,train,img_effe26e4bd22,,none,False,none,unclear,"Image shows a whiteboard with notes, no person visible.",at_desk
train/at_desk/main_at_desk_f6dcdac2d8bf.jpg,train,img_f0037caed41b,,none,False,none,unclear,"Hand-drawn diagram about political science, no person visible.",at_desk
train/away/away_p7183758.jpg,train,img_f016b934fcb9,,none,False,none,unclear,No person visible in the image.,away
train/distracted/distracted_273.jpg,train,img_f02466cf87b4,,hands_only,True,idle,unclear,"Hands on laptop, phone resting idle on surface.",distracted
train/away/away_p12932566.jpg,train,img_f06b2235efc9,,none,False,none,unclear,"Image shows a chalkboard with text, no person visible.",away
train/at_desk/at_desk_p5905885.jpg,train,img_f076ba97275d,focused,face_or_body,True,none,work,Student writing in notebook next to laptop.,at_desk
train/away/away_p12094381.jpg,train,img_f07ea6d40653,,none,True,none,unclear,"Empty office desks with computers, no people visible.",away
train/at_desk/main_at_desk_712122b01227.jpg,train,img_f0a648b46428,unfocused,face_or_body,True,none,elsewhere,"Person holding sign with question mark, looking away from work.",at_desk
train/away/away_p16558563.jpg,train,img_f0bf3d491994,,none,False,none,unclear,"Empty hallway, no person or workspace visible.",away
eval/away/main_away_214efccb02fe.jpg,eval,img_f107b4556cab,unfocused,face_or_body,True,none,elsewhere,"Group meeting in office, no devices visible.",away
train/at_desk/main_at_desk_b8011e9a468f.jpg,train,img_f11fff83732b,focused,face_or_body,True,none,work,"Student typing on laptop, looking at screen.",at_desk
train/distracted/distracted_254.jpg,train,img_f1421a3c529a,phone,face_or_body,True,in_use,phone,"Person sitting on desk, looking at phone in hands.",distracted
train/at_desk/main_at_desk_30458c892033.jpg,train,img_f1583944a104,,none,False,none,unclear,Circuit board visible; no person present.,at_desk
train/away/away_p5076533.jpg,train,img_f1e55870b401,,none,True,none,unclear,"Empty desk with laptop and notebook, no person visible.",away
train/at_desk/at_desk_p5955107.jpg,train,img_f202aef0d45e,focused,face_or_body,True,none,work,Man focused on laptop screen.,at_desk
train/distracted/main_distracted_79be2ad3ac55.jpg,train,img_f24f99c31e37,,none,False,none,unclear,No person visible; image shows exterior of a hospital building.,distracted
train/at_desk/at_desk_p8133987.jpg,train,img_f25ea604f2dc,phone,face_or_body,False,in_use,phone,Person standing by window looking at phone.,at_desk
eval/distracted/distracted_123.jpg,eval,img_f27d1a4e31ff,phone,hands_only,True,in_use,phone,Student holding phone over laptop keyboard.,distracted
train/away/away_p5726032.jpg,train,img_f2b67b1082e1,,none,True,none,unclear,No person visible in the image.,away
train/away/main_away_ec9a71130288.jpg,train,img_f2e1cca8f78f,,none,True,none,unclear,"Empty office workspace, no person visible.",away
train/at_desk/main_at_desk_84fcc76b4ed6.jpg,train,img_f2f4cc82a291,,face_or_body,False,none,elsewhere,Person sitting with laptop but looking away at another person.,at_desk
train/away/rafast_chair_00040.jpg,train,img_f2f9ff47f09f,,none,False,none,unclear,"Image shows an empty office chair, no person is visible.",away
train/at_desk/at_desk_p7298610.jpg,train,img_f35e9176391d,,face_or_body,False,none,unclear,"Outdoor shot of torso, no desk or screen visible.",at_desk
train/at_desk/main_at_desk_237b4afaf3ed.jpg,train,img_f3755731e586,,none,False,none,unclear,"Image shows a mountain landscape, no person visible.",at_desk
eval/distracted/distracted_369.jpg,eval,img_f3dd52e8ce8a,phone,face_or_body,True,in_use,phone,Student at desk looking at phone.,distracted
train/at_desk/main_at_desk_18f5ffb2b943.jpg,train,img_f40b7dd37a6f,focused,face_or_body,True,none,work,"Person typing on laptop, looking at screen.",at_desk
train/at_desk/at_desk_p7014766.jpg,train,img_f4294e916365,focused,face_or_body,True,none,work,Student looking at laptop screen during video call.,at_desk
eval/at_desk/main_at_desk_a0e3725ff75f.jpg,eval,img_f44c983acbe7,,face_or_body,True,none,unclear,Person visible at desk but attention unclear.,at_desk
train/at_desk/at_desk_p5710688.jpg,train,img_f4614bfe2b25,phone,face_or_body,True,in_use,camera,"Man on phone with feet on desk, looking at camera.",at_desk
train/distracted/distracted_144.jpg,train,img_f49d5ef075c2,phone,face_or_body,False,in_use,phone,"Person on bed looking at phone, not at laptop.",distracted
train/distracted/main_distracted_8860df6dbb85.jpg,train,img_f49eada6f960,unfocused,face_or_body,True,idle,elsewhere,"Woman holding mug, looking away from laptop.",distracted
eval/distracted/distracted_058.jpg,eval,img_f4ad91e58a9b,phone,face_or_body,True,in_use,phone,Woman looking down at phone held in hands.,distracted
train/away/rafast_chair_00030.jpg,train,img_f4e599f5175c,,none,True,none,unclear,"Empty office chair, no person visible.",away
train/at_desk/main_at_desk_76ea6385ef54.jpg,train,img_f4e81a9f52ce,phone,hands_only,True,in_use,phone,Hands holding and viewing a smartphone.,at_desk
train/at_desk/main_at_desk_4ee76589a222.jpg,train,img_f4e92cbaed46,phone,face_or_body,False,in_use,phone,Man in white shirt sitting on bench using phone.,at_desk
train/at_desk/at_desk_p4314216.jpg,train,img_f50fc7053673,focused,face_or_body,True,none,work,Student writing in notebook with headphones on,at_desk
train/uncertain/main_uncertain_de0f8ae5e9c4.jpg,train,img_f51b74eca40f,focused,face_or_body,True,none,work,Person seated at desk facing computer monitor.,uncertain
train/away/main_away_b1b5fdc17437.jpg,train,img_f54268502e66,,face_or_body,True,idle,camera,Person looking at camera with hand on pen.,away
train/at_desk/at_desk_p4498037.jpg,train,img_f54fe28ea676,focused,face_or_body,True,idle,work,Student reading book on lap with laptop open.,at_desk
train/distracted/distracted_416.jpg,train,img_f5a3040f1e14,phone,hands_only,True,in_use,phone,Hands holding phone and plugging in cable near laptop.,distracted
train/away/away_p8534039.jpg,train,img_f5bae9e78c47,,none,True,none,unclear,Laptop screen is open but no person is visible.,away
train/away/rafast_chair_00074.jpg,train,img_f5cc3c833129,,none,False,none,unclear,"Image shows a chair, no person is visible.",away
train/distracted/distracted_082.jpg,train,img_f5cda7d93780,phone,face_or_body,True,in_use,phone,Student using phone at desk with open laptop.,distracted
train/away/away_p6044911.jpg,train,img_f5dd1ec75081,,none,True,idle,unclear,Empty workspace with phone on desk.,away
eval/uncertain/fixture_noise.jpg,eval,img_f5eb2a7517c7,,none,False,none,unclear,Image is static noise; no person or workspace visible.,uncertain
train/away/away_p4604701.jpg,train,img_f60569d39239,,none,False,none,unclear,No person is visible in this image.,away
train/at_desk/main_at_desk_b66d8f672a73.jpg,train,img_f613ec3fe549,,face_or_body,False,none,elsewhere,"Man standing on a TEDx stage, not at a desk.",at_desk
train/at_desk/at_desk_p8199557.jpg,train,img_f616b1a72d7d,focused,face_or_body,True,none,work,Student writing in a book with a laptop open.,at_desk
train/distracted/main_distracted_bbde7e6d8f22.jpg,train,img_f63a495e4c31,,hands_only,True,none,work,Student writing in notebook next to laptop.,distracted
train/distracted/main_distracted_81e8b5535dc9.jpg,train,img_f6714f2f885c,,face_or_body,False,none,unclear,"Image is a screenshot of a website, not a webcam feed.",distracted
train/distracted/distracted_198.jpg,train,img_f68aa5ae2ac0,phone,face_or_body,False,in_use,phone,"Student holding phone in dark room, screen lit.",distracted
train/at_desk/at_desk_p3872470.jpg,train,img_f6a89b08c7c5,,face_or_body,True,none,camera,Student smiling at camera while using laptop.,at_desk
train/at_desk/main_at_desk_53003480ae5a.jpg,train,img_f6cab8cf007d,focused,face_or_body,True,none,work,Student is smiling while looking at a tablet.,at_desk
train/at_desk/at_desk_p8199761.jpg,train,img_f6e98e3a67ed,focused,face_or_body,True,none,work,"Two students studying together, looking at laptop and books.",at_desk
train/at_desk/main_at_desk_ccf1356892f4.jpg,train,img_f6ebeec5e5d1,,face_or_body,False,none,camera,Astronaut holding an object in a spacecraft module.,at_desk
train/at_desk/at_desk_p5311712.jpg,train,img_f6f6068dd39a,focused,face_or_body,False,none,work,Person working on laptop while lounging on a sofa.,at_desk
train/away/away_p16926422.jpg,train,img_f6f6f3f9eec6,,none,True,none,unclear,"No person visible, only empty chairs and desks.",away
train/uncertain/uncertain_syn_noise2.jpg,train,img_f6f8f6d4944b,,none,False,none,unclear,Image is static noise; no visual content to analyze.,uncertain
train/away/away_003.jpg,train,img_f764825d504e,focused,face_or_body,True,none,work,Student sits at desk looking at computer monitor.,away
train/away/main_away_42e3e0608877.jpg,train,img_f764825d504e,focused,face_or_body,True,none,work,Man sitting at desk facing a computer monitor.,away
train/away/rafast_chair_00079.jpg,train,img_f805ffa0e903,,none,True,none,unclear,"Empty office chair with cushions, no person visible.",away
eval/distracted/main_distracted_4f7f8197530e.jpg,eval,img_f8284a596765,focused,face_or_body,True,none,work,Woman using tablet at table in group setting.,distracted
eval/at_desk/at_desk_p6282022.jpg,eval,img_f85b9a06527f,,hands_only,True,idle,work,"Hands typing on laptop, phone idle on desk.",at_desk
eval/uncertain/main_uncertain_dded462bf272.jpg,eval,img_f85f034bfe95,focused,face_or_body,True,none,work,Person typing on laptop at desk; face obscured by darkness.,uncertain
train/at_desk/at_desk_p8923536.jpg,train,img_f8b812d6e969,focused,face_or_body,True,none,work,Girl reading a book at a desk.,at_desk
train/distracted/main_distracted_00f2eeff022a.jpg,train,img_f8f13f687748,,none,False,none,unclear,Aerial photo of aircraft refueling mid-flight; no student or workspace visible.,distracted
train/away/away_p6177589.jpg,train,img_f911075cd21d,,none,True,none,unclear,No person visible. Empty desk setup.,away
train/at_desk/at_desk_p8500309.jpg,train,img_f936348c4470,,face_or_body,False,none,elsewhere,"Student walking into classroom, looking at teacher, not at desk.",at_desk
train/at_desk/main_at_desk_ad55b44a65d2.jpg,train,img_f946c2bf28fa,,face_or_body,False,none,elsewhere,"Audience in lecture setting, focused on speakers, no individual workspaces.",at_desk
eval/distracted/main_distracted_57a766cc49b6.jpg,eval,img_f94f4a0af4f5,,face_or_body,False,idle,camera,"Cosplayer posing at event, audience phone visible, no workspace.",distracted
train/distracted/distracted_105.jpg,train,img_f974cd00ffa8,phone,hands_only,True,in_use,phone,"Person holding phone, looking at screen, laptop present.",distracted
train/at_desk/main_at_desk_feaac2e52f04.jpg,train,img_f99647a259e5,unfocused,face_or_body,True,none,elsewhere,"Man on stage at TEDx presenting with cardboard prop, not a student.",at_desk
eval/distracted/distracted_040.jpg,eval,img_f99b8b37ca6a,phone,face_or_body,True,in_use,phone,Man sitting at desk talking on a mobile phone.,distracted
train/away/rafast_chair_00039.jpg,train,img_f99fbb400ab9,,none,False,none,unclear,"Image contains only an office chair, no person or workspace visible.",away
train/away/away_p31020856.jpg,train,img_f9ae4240ff4d,,none,True,none,unclear,"Empty office space, no person visible.",away
eval/away/away_p7750129.jpg,eval,img_fa02ae1316c8,,none,True,none,unclear,"Empty office space, no person visible.",away
train/away/away_p34763033.jpg,train,img_fa03c15c6b58,,none,False,none,unclear,"Image shows empty metal chairs, no person or workspace visible.",away
eval/at_desk/main_at_desk_c8de0472640d.jpg,eval,img_fa2e5a41eff5,,face_or_body,False,none,elsewhere,Group of people at a formal event on a stage.,at_desk
train/at_desk/main_at_desk_470af508e9cd.jpg,train,img_fa47d627cb0a,unfocused,face_or_body,True,none,elsewhere,Student looking away from screen while holding a pen.,at_desk
train/at_desk/at_desk_p6627401.jpg,train,img_fa5282ca16e7,,hands_only,True,idle,unclear,"Phone is on the table, not being used.",at_desk
train/away/away_p30767131.jpg,train,img_fa574864b679,,none,False,none,unclear,"No person visible, only white chairs on grass.",away
eval/distracted/distracted_148.jpg,eval,img_faa9cfcfbb06,phone,face_or_body,False,in_use,phone,Person sitting on bed looking at phone.,distracted
train/at_desk/main_at_desk_b9567abea4ed.jpg,train,img_fabd96d078a5,,none,False,none,unclear,"Image is a chart, not a student.",at_desk
train/away/away_p14776716.jpg,train,img_facffb428a6c,,none,False,none,unclear,"Image shows a white car, no person or workspace.",away
eval/at_desk/at_desk_p34774330.jpg,eval,img_faeacfcd4395,focused,face_or_body,True,none,work,Man looking at laptop screen while seated at desk.,at_desk
eval/away/away_p20432893.jpg,eval,img_fafe12663312,,none,True,none,unclear,Laptop open on desk; no person visible in frame.,away
train/away/main_away_1a281c50e48a.jpg,train,img_fb8285fc8f87,,none,True,none,unclear,"Empty office with desks and computers, no people visible.",away
train/at_desk/main_at_desk_e9471d4da7fe.jpg,train,img_fb8658b10fd3,,hands_only,True,none,work,"Person typing on laptop, focused on work.",at_desk
train/away/away_p6044914.jpg,train,img_fb875a5f72b0,,none,True,none,unclear,Empty workspace with no person present.,away
eval/away/away_p3359003.jpg,eval,img_fbdc8ba5f3a2,,none,True,none,unclear,Empty room with no person visible.,away
train/at_desk/at_desk_p5621947.jpg,train,img_fbf4fc07c27c,focused,face_or_body,True,none,work,Student looking at computer monitor while wearing headphones.,at_desk
train/uncertain/main_uncertain_aea93fe615c7.jpg,train,img_fc06a7ef6398,,none,True,none,unclear,No person visible; pink mesh cup with stationery on desk.,uncertain
train/at_desk/at_desk_p12245151.jpg,train,img_fc2238bf6e35,,face_or_body,False,none,camera,Girl smiling at camera in outdoor setting.,at_desk
train/distracted/distracted_240.jpg,train,img_fc73935f004e,phone,face_or_body,True,in_use,phone,Student holding phone while laptop is open on desk.,distracted
train/distracted/distracted_398.jpg,train,img_fc7e50256512,phone,face_or_body,True,in_use,phone,Man looking at phone while sitting at desk with laptop.,distracted
train/at_desk/at_desk_p35730079.jpg,train,img_fcaf2200443e,focused,face_or_body,True,none,work,Student looking at laptop screen.,at_desk
train/away/away_p260689.jpg,train,img_fcc897f9837f,,none,True,none,unclear,"Empty conference room, no person visible.",away
train/away/rafast_chair_00012.jpg,train,img_fcd1ac39003b,,none,False,none,unclear,Image shows an empty office chair with no person visible.,away
eval/away/away_p35683089.jpg,eval,img_fcd5f399113b,,none,False,none,unclear,"Empty classroom with desks, no person visible.",away
train/distracted/distracted_279.jpg,train,img_fd040a094958,phone,face_or_body,True,in_use,phone,Student standing at desk looking at phone.,distracted
train/away/main_away_943c20577f07.jpg,train,img_fd188f82fad6,phone,face_or_body,True,in_use,camera,"Man sitting at desk holding phone to ear, looking at camera.",away
train/at_desk/main_at_desk_bb601f7d181e.jpg,train,img_fd426af115a1,focused,face_or_body,True,none,work,Person in uniform typing on a laptop at a desk.,at_desk
train/distracted/distracted_220.jpg,train,img_fd4925d04ee1,phone,face_or_body,False,in_use,phone,Girl looking intently at a smartphone screen held in hands.,distracted
train/distracted/distracted_400.jpg,train,img_fd4f5fe8870d,phone,face_or_body,True,in_use,phone,Student looking at phone while resting chin on hand.,distracted
train/away/rafast_chair_00010.jpg,train,img_fd753fca7b36,,none,True,none,unclear,Empty office chair visible. No person present.,away
train/away/main_away_52382c90ea20.jpg,train,img_fdbb49d9f1b3,,face_or_body,False,none,elsewhere,"Meeting setting, main person looking at another person.",away
train/away/away_011.jpg,train,img_fe54aed2c0f6,,none,True,none,unclear,"Empty workspace with laptop, no person visible.",away
train/away/away_p29431263.jpg,train,img_fe64c4fbc292,,none,False,none,unclear,"Image shows abstract blue lines, no person or desk visible.",away
eval/away/rafast_chair_00092.jpg,eval,img_fe7efd057ed3,,none,False,none,unclear,"Image shows an empty chair, no person present.",away
train/at_desk/main_at_desk_661fc1515217.jpg,train,img_fea6ccb6bff4,,none,True,none,unclear,A cat is sitting on a desk looking at a laptop.,at_desk
eval/at_desk/at_desk_p3987066.jpg,eval,img_fec97c815e87,,hands_only,True,none,work,"Hands typing on laptop keyboard, screen shows code.",at_desk
train/at_desk/at_desk_p6889213.jpg,train,img_ff154aeee558,focused,face_or_body,True,none,work,"Woman typing on laptop at table, focused on screen.",at_desk
train/away/away_p3983719.jpg,train,img_ff4529076085,,none,False,none,unclear,"Empty room with a single chair, no person or workspace visible.",away
train/at_desk/at_desk_p35184839.jpg,train,img_ff7322a3f159,focused,face_or_body,True,none,work,"Student looking at laptop screen, hands on keyboard.",at_desk
train/distracted/distracted_334.jpg,train,img_ffaf22f4d4a0,phone,face_or_body,False,in_use,camera,Students taking a selfie with a phone.,distracted
eval/at_desk/at_desk_p6893890.jpg,eval,img_ffbfc6b7eac0,,hands_only,True,none,work,"Hands typing on laptop keyboard, workspace environment.",at_desk
train/away/away_p1181526.jpg,train,img_fff57742a1c1,focused,face_or_body,True,idle,work,Person seated at desk facing dual monitors.,away
eval/at_desk/at_desk_p7005399.jpg,eval,img_fff7512cbdea,focused,face_or_body,True,none,work,Student writing in a notebook at a desk.,at_desk
train/away/away_p4064835.jpg,train,img_fffab2388783,,none,True,none,unclear,No person visible in the frame.,away
attention-proxies/hard_negative_down/hard_negative_down_p18814834.jpg,train,apx_hard_negative_down_c69d9fb03a6f,focused,face_or_body,True,none,work,"stock proxy (hard_negative_down), not first-person webcam; label derived from the bucket, not annotated; Pexels; C.T. PHAT / Pexels; https://www.pexels.com/photo/18814834/",at_desk
attention-proxies/hard_negative_down/hard_negative_down_p18870250.jpg,train,apx_hard_negative_down_86ba748df471,focused,face_or_body,True,none,work,"stock proxy (hard_negative_down), not first-person webcam; label derived from the bucket, not annotated; Pexels; World Sikh Organization of Canada / Pexels; https://www.pexels.com/photo/18870250/",at_desk
attention-proxies/hard_negative_down/hard_negative_down_p18870253.jpg,train,apx_hard_negative_down_36a44619e90c,focused,face_or_body,True,none,work,"stock proxy (hard_negative_down), not first-person webcam; label derived from the bucket, not annotated; Pexels; World Sikh Organization of Canada / Pexels; https://www.pexels.com/photo/18870253/",at_desk
attention-proxies/hard_negative_down/hard_negative_down_p19314243.jpg,eval,apx_hard_negative_down_91ade892d48b,focused,face_or_body,True,none,work,"stock proxy (hard_negative_down), not first-person webcam; label derived from the bucket, not annotated; Pexels; C.T. PHAT / Pexels; https://www.pexels.com/photo/19314243/",at_desk
attention-proxies/hard_negative_down/hard_negative_down_p207756.jpg,eval,apx_hard_negative_down_b723793b1f6b,focused,face_or_body,True,none,work,"stock proxy (hard_negative_down), not first-person webcam; label derived from the bucket, not annotated; Pexels; Pixabay / Pexels; https://www.pexels.com/photo/207756/",at_desk
attention-proxies/hard_negative_down/hard_negative_down_p267491.jpg,train,apx_hard_negative_down_6552830eceb4,focused,face_or_body,True,none,work,"stock proxy (hard_negative_down), not first-person webcam; label derived from the bucket, not annotated; Pexels; Pixabay / Pexels; https://www.pexels.com/photo/267491/",at_desk
attention-proxies/hard_negative_down/hard_negative_down_p29559591.jpg,eval,apx_hard_negative_down_b9d42a5a5070,focused,face_or_body,True,none,work,"stock proxy (hard_negative_down), not first-person webcam; label derived from the bucket, not annotated; Pexels; Beniam / Pexels; https://www.pexels.com/photo/29559591/",at_desk
attention-proxies/hard_negative_down/hard_negative_down_p31864438.jpg,train,apx_hard_negative_down_78aeb36686b2,focused,face_or_body,True,none,work,"stock proxy (hard_negative_down), not first-person webcam; label derived from the bucket, not annotated; Pexels; Bhupindra International Public School / Pexels; https://www.pexels.com/photo/31864438/",at_desk
attention-proxies/hard_negative_down/hard_negative_down_p3202028.jpg,train,apx_hard_negative_down_7515ce15b97b,focused,face_or_body,True,none,work,"stock proxy (hard_negative_down), not first-person webcam; label derived from the bucket, not annotated; Pexels; cottonbro studio / Pexels; https://www.pexels.com/photo/3202028/",at_desk
attention-proxies/hard_negative_down/hard_negative_down_p35745677.jpg,train,apx_hard_negative_down_4e05214c9c46,focused,face_or_body,True,none,work,"stock proxy (hard_negative_down), not first-person webcam; label derived from the bucket, not annotated; Pexels; Ahmet Kurt / Pexels; https://www.pexels.com/photo/35745677/",at_desk
attention-proxies/hard_negative_down/hard_negative_down_p36812785.jpg,eval,apx_hard_negative_down_7d9c9833f53b,focused,face_or_body,True,none,work,"stock proxy (hard_negative_down), not first-person webcam; label derived from the bucket, not annotated; Pexels; Vitaly Gariev / Pexels; https://www.pexels.com/photo/36812785/",at_desk
attention-proxies/hard_negative_down/hard_negative_down_p37757926.jpg,train,apx_hard_negative_down_81d58413520c,focused,face_or_body,True,none,work,"stock proxy (hard_negative_down), not first-person webcam; label derived from the bucket, not annotated; Pexels; Gera Cejas / Pexels; https://www.pexels.com/photo/37757926/",at_desk
attention-proxies/hard_negative_down/hard_negative_down_p37757956.jpg,train,apx_hard_negative_down_6073932d217f,focused,face_or_body,True,none,work,"stock proxy (hard_negative_down), not first-person webcam; label derived from the bucket, not annotated; Pexels; Gera Cejas / Pexels; https://www.pexels.com/photo/37757956/",at_desk
attention-proxies/hard_negative_down/hard_negative_down_p37757978.jpg,train,apx_hard_negative_down_c062c3a443e5,focused,face_or_body,True,none,work,"stock proxy (hard_negative_down), not first-person webcam; label derived from the bucket, not annotated; Pexels; Gera Cejas / Pexels; https://www.pexels.com/photo/37757978/",at_desk
attention-proxies/hard_negative_down/hard_negative_down_p37761860.jpg,eval,apx_hard_negative_down_2cb82c4795b9,focused,face_or_body,True,none,work,"stock proxy (hard_negative_down), not first-person webcam; label derived from the bucket, not annotated; Pexels; Irene Vega / Pexels; https://www.pexels.com/photo/37761860/",at_desk
attention-proxies/hard_negative_down/hard_negative_down_p37762601.jpg,eval,apx_hard_negative_down_479de1ff0d70,focused,face_or_body,True,none,work,"stock proxy (hard_negative_down), not first-person webcam; label derived from the bucket, not annotated; Pexels; Gera Cejas / Pexels; https://www.pexels.com/photo/37762601/",at_desk
attention-proxies/hard_negative_down/hard_negative_down_p37811260.jpg,eval,apx_hard_negative_down_6d873dbc7958,focused,face_or_body,True,none,work,"stock proxy (hard_negative_down), not first-person webcam; label derived from the bucket, not annotated; Pexels; Eduard Perez / Pexels; https://www.pexels.com/photo/37811260/",at_desk
attention-proxies/hard_negative_down/hard_negative_down_p37812834.jpg,eval,apx_hard_negative_down_5e802dd04976,focused,face_or_body,True,none,work,"stock proxy (hard_negative_down), not first-person webcam; label derived from the bucket, not annotated; Pexels; Kari Alfonso / Pexels; https://www.pexels.com/photo/37812834/",at_desk
attention-proxies/hard_negative_down/hard_negative_down_p37812837.jpg,train,apx_hard_negative_down_5e9ac805119c,focused,face_or_body,True,none,work,"stock proxy (hard_negative_down), not first-person webcam; label derived from the bucket, not annotated; Pexels; Kari Alfonso / Pexels; https://www.pexels.com/photo/37812837/",at_desk
attention-proxies/hard_negative_down/hard_negative_down_p37831181.jpg,train,apx_hard_negative_down_2baf7a4e6b45,focused,face_or_body,True,none,work,"stock proxy (hard_negative_down), not first-person webcam; label derived from the bucket, not annotated; Pexels; Eduard Perez / Pexels; https://www.pexels.com/photo/37831181/",at_desk
attention-proxies/hard_negative_down/hard_negative_down_p37851292.jpg,train,apx_hard_negative_down_2035b3599302,focused,face_or_body,True,none,work,"stock proxy (hard_negative_down), not first-person webcam; label derived from the bucket, not annotated; Pexels; Franco Solis / Pexels; https://www.pexels.com/photo/37851292/",at_desk
attention-proxies/hard_negative_down/hard_negative_down_p38706028.jpg,train,apx_hard_negative_down_a156221d2d72,focused,face_or_body,True,none,work,"stock proxy (hard_negative_down), not first-person webcam; label derived from the bucket, not annotated; Pexels; Mirko Meister / Pexels; https://www.pexels.com/photo/38706028/",at_desk
attention-proxies/hard_negative_down/hard_negative_down_p461069.jpg,eval,apx_hard_negative_down_f52d06d31fe7,focused,face_or_body,True,none,work,"stock proxy (hard_negative_down), not first-person webcam; label derived from the bucket, not annotated; Pexels; Pixabay / Pexels; https://www.pexels.com/photo/461069/",at_desk
attention-proxies/hard_negative_down/hard_negative_down_p5212343.jpg,eval,apx_hard_negative_down_d04805921e18,focused,face_or_body,True,none,work,"stock proxy (hard_negative_down), not first-person webcam; label derived from the bucket, not annotated; Pexels; Max Fischer / Pexels; https://www.pexels.com/photo/5212343/",at_desk
attention-proxies/hard_negative_down/hard_negative_down_p5212344.jpg,train,apx_hard_negative_down_e7895375db0f,focused,face_or_body,True,none,work,"stock proxy (hard_negative_down), not first-person webcam; label derived from the bucket, not annotated; Pexels; Max Fischer / Pexels; https://www.pexels.com/photo/5212344/",at_desk
attention-proxies/hard_negative_down/hard_negative_down_p5303501.jpg,train,apx_hard_negative_down_d75215aef1a3,focused,face_or_body,True,none,work,"stock proxy (hard_negative_down), not first-person webcam; label derived from the bucket, not annotated; Pexels; Tima Miroshnichenko / Pexels; https://www.pexels.com/photo/5303501/",at_desk
attention-proxies/hard_negative_down/hard_negative_down_p5425608.jpg,train,apx_hard_negative_down_7bfe58ecf7d1,focused,face_or_body,True,none,work,"stock proxy (hard_negative_down), not first-person webcam; label derived from the bucket, not annotated; Pexels; Anna Tarazevich / Pexels; https://www.pexels.com/photo/5425608/",at_desk
attention-proxies/hard_negative_down/hard_negative_down_p5425617.jpg,train,apx_hard_negative_down_557fafebc246,focused,face_or_body,True,none,work,"stock proxy (hard_negative_down), not first-person webcam; label derived from the bucket, not annotated; Pexels; Anna Tarazevich / Pexels; https://www.pexels.com/photo/5425617/",at_desk
attention-proxies/hard_negative_down/hard_negative_down_p5905479.jpg,train,apx_hard_negative_down_f716c0daf829,focused,face_or_body,True,none,work,"stock proxy (hard_negative_down), not first-person webcam; label derived from the bucket, not annotated; Pexels; Katerina Holmes / Pexels; https://www.pexels.com/photo/5905479/",at_desk
attention-proxies/hard_negative_down/hard_negative_down_p5905959.jpg,train,apx_hard_negative_down_41213c8baaed,focused,face_or_body,True,none,work,"stock proxy (hard_negative_down), not first-person webcam; label derived from the bucket, not annotated; Pexels; Katerina Holmes / Pexels; https://www.pexels.com/photo/5905959/",at_desk
attention-proxies/hard_negative_down/hard_negative_down_p6237967.jpg,train,apx_hard_negative_down_4d47da625d31,focused,face_or_body,True,none,work,"stock proxy (hard_negative_down), not first-person webcam; label derived from the bucket, not annotated; Pexels; Monstera Production / Pexels; https://www.pexels.com/photo/6237967/",at_desk
attention-proxies/hard_negative_down/hard_negative_down_p6237991.jpg,eval,apx_hard_negative_down_7eb2992f4d9e,focused,face_or_body,True,none,work,"stock proxy (hard_negative_down), not first-person webcam; label derived from the bucket, not annotated; Pexels; Monstera Production / Pexels; https://www.pexels.com/photo/6237991/",at_desk
attention-proxies/hard_negative_down/hard_negative_down_p6345283.jpg,train,apx_hard_negative_down_1dd7771e6fd2,focused,face_or_body,True,none,work,"stock proxy (hard_negative_down), not first-person webcam; label derived from the bucket, not annotated; Pexels; https://kaboompics.com/ / Pexels; https://www.pexels.com/photo/6345283/",at_desk
attention-proxies/hard_negative_down/hard_negative_down_p6936012.jpg,eval,apx_hard_negative_down_932f0991bb7b,focused,face_or_body,True,none,work,"stock proxy (hard_negative_down), not first-person webcam; label derived from the bucket, not annotated; Pexels; RDNE Stock project / Pexels; https://www.pexels.com/photo/6936012/",at_desk
attention-proxies/hard_negative_down/hard_negative_down_p8005643.jpg,eval,apx_hard_negative_down_ee76f8aa5096,focused,face_or_body,True,none,work,"stock proxy (hard_negative_down), not first-person webcam; label derived from the bucket, not annotated; Pexels; https://kaboompics.com/ / Pexels; https://www.pexels.com/photo/8005643/",at_desk
attention-proxies/hard_negative_down/hard_negative_down_p8419171.jpg,eval,apx_hard_negative_down_051e7acb7aad,focused,face_or_body,True,none,work,"stock proxy (hard_negative_down), not first-person webcam; label derived from the bucket, not annotated; Pexels; RDNE Stock project / Pexels; https://www.pexels.com/photo/8419171/",at_desk
attention-proxies/hard_negative_down/hard_negative_down_p8423070.jpg,eval,apx_hard_negative_down_710d9a6f83d1,focused,face_or_body,True,none,work,"stock proxy (hard_negative_down), not first-person webcam; label derived from the bucket, not annotated; Pexels; Pavel Danilyuk / Pexels; https://www.pexels.com/photo/8423070/",at_desk
attention-proxies/hard_negative_down/hard_negative_down_p8499500.jpg,train,apx_hard_negative_down_f7825d485042,focused,face_or_body,True,none,work,"stock proxy (hard_negative_down), not first-person webcam; label derived from the bucket, not annotated; Pexels; RDNE Stock project / Pexels; https://www.pexels.com/photo/8499500/",at_desk
attention-proxies/hard_negative_down/hard_negative_down_p8499635.jpg,train,apx_hard_negative_down_a7a14fa7e6ee,focused,face_or_body,True,none,work,"stock proxy (hard_negative_down), not first-person webcam; label derived from the bucket, not annotated; Pexels; RDNE Stock project / Pexels; https://www.pexels.com/photo/8499635/",at_desk
attention-proxies/hard_negative_down/hard_negative_down_p8500288.jpg,eval,apx_hard_negative_down_4b607674dd1b,focused,face_or_body,True,none,work,"stock proxy (hard_negative_down), not first-person webcam; label derived from the bucket, not annotated; Pexels; RDNE Stock project / Pexels; https://www.pexels.com/photo/8500288/",at_desk
attention-proxies/hard_negative_down/hard_negative_down_p8500358.jpg,train,apx_hard_negative_down_bf20946b67d2,focused,face_or_body,True,none,work,"stock proxy (hard_negative_down), not first-person webcam; label derived from the bucket, not annotated; Pexels; RDNE Stock project / Pexels; https://www.pexels.com/photo/8500358/",at_desk
attention-proxies/hard_negative_down/hard_negative_down_p8500425.jpg,eval,apx_hard_negative_down_cd1b5a3c9389,focused,face_or_body,True,none,work,"stock proxy (hard_negative_down), not first-person webcam; label derived from the bucket, not annotated; Pexels; RDNE Stock project / Pexels; https://www.pexels.com/photo/8500425/",at_desk
attention-proxies/hard_negative_down/hard_negative_down_p8617947.jpg,train,apx_hard_negative_down_3676b45727b3,focused,face_or_body,True,none,work,"stock proxy (hard_negative_down), not first-person webcam; label derived from the bucket, not annotated; Pexels; Yan Krukau / Pexels; https://www.pexels.com/photo/8617947/",at_desk
attention-proxies/hard_negative_down/hard_negative_down_p8618018.jpg,eval,apx_hard_negative_down_107059cc277e,focused,face_or_body,True,none,work,"stock proxy (hard_negative_down), not first-person webcam; label derived from the bucket, not annotated; Pexels; Yan Krukau / Pexels; https://www.pexels.com/photo/8618018/",at_desk
attention-proxies/hard_negative_down/hard_negative_down_p8618022.jpg,eval,apx_hard_negative_down_56c61c4d0830,focused,face_or_body,True,none,work,"stock proxy (hard_negative_down), not first-person webcam; label derived from the bucket, not annotated; Pexels; Yan Krukau / Pexels; https://www.pexels.com/photo/8618022/",at_desk
attention-proxies/hard_negative_down/hard_negative_down_p9159388.jpg,train,apx_hard_negative_down_e8f5750c4529,focused,face_or_body,True,none,work,"stock proxy (hard_negative_down), not first-person webcam; label derived from the bucket, not annotated; Pexels; Mikhail Nilov / Pexels; https://www.pexels.com/photo/9159388/",at_desk
attention-proxies/hard_negative_down/hard_negative_down_p9489781.jpg,train,apx_hard_negative_down_b704bc010bb8,focused,face_or_body,True,none,work,"stock proxy (hard_negative_down), not first-person webcam; label derived from the bucket, not annotated; Pexels; Yaroslav Shuraev / Pexels; https://www.pexels.com/photo/9489781/",at_desk
attention-proxies/hard_negative_down/hard_negative_down_p9872280.jpg,train,apx_hard_negative_down_881a3a1d0aaa,focused,face_or_body,True,none,work,"stock proxy (hard_negative_down), not first-person webcam; label derived from the bucket, not annotated; Pexels; Ron Lach / Pexels; https://www.pexels.com/photo/9872280/",at_desk
attention-proxies/hard_negative_down/hard_negative_down_wm6608805.jpg,eval,apx_hard_negative_down_2be9c17cb4a4,focused,face_or_body,True,none,work,"stock proxy (hard_negative_down), not first-person webcam; label derived from the bucket, not annotated; Public domain; Moshe Pridan / Wikimedia Commons; https://commons.wikimedia.org/wiki/File%3AUlpan_1955.jpg",at_desk
attention-proxies/webcam_angle/webcam_angle_p12911737.jpg,train,apx_webcam_angle_9d6f22830f15,focused,face_or_body,True,none,work,"stock proxy (webcam_angle), not first-person webcam; label derived from the bucket, not annotated; Pexels; Mizuno K / Pexels; https://www.pexels.com/photo/12911737/",at_desk
attention-proxies/webcam_angle/webcam_angle_p13929795.jpg,train,apx_webcam_angle_aeedc2780f98,focused,face_or_body,True,none,work,"stock proxy (webcam_angle), not first-person webcam; label derived from the bucket, not annotated; Pexels; Mizuno K / Pexels; https://www.pexels.com/photo/13929795/",at_desk
attention-proxies/webcam_angle/webcam_angle_p3783839.jpg,eval,apx_webcam_angle_312c4835278b,focused,face_or_body,True,none,work,"stock proxy (webcam_angle), not first-person webcam; label derived from the bucket, not annotated; Pexels; Andrea Piacquadio / Pexels; https://www.pexels.com/photo/3783839/",at_desk
attention-proxies/webcam_angle/webcam_angle_p39191077.jpg,train,apx_webcam_angle_1695f49e10d4,focused,face_or_body,True,none,work,"stock proxy (webcam_angle), not first-person webcam; label derived from the bucket, not annotated; Pexels; Vitaly Gariev / Pexels; https://www.pexels.com/photo/39191077/",at_desk
attention-proxies/webcam_angle/webcam_angle_p39192374.jpg,train,apx_webcam_angle_968bddccf8be,focused,face_or_body,True,none,work,"stock proxy (webcam_angle), not first-person webcam; label derived from the bucket, not annotated; Pexels; Vitaly Gariev / Pexels; https://www.pexels.com/photo/39192374/",at_desk
attention-proxies/webcam_angle/webcam_angle_p4031707.jpg,train,apx_webcam_angle_217d903746bb,focused,face_or_body,True,none,work,"stock proxy (webcam_angle), not first-person webcam; label derived from the bucket, not annotated; Pexels; Edward Jenner / Pexels; https://www.pexels.com/photo/4031707/",at_desk
attention-proxies/webcam_angle/webcam_angle_p4226140.jpg,train,apx_webcam_angle_9bdf189bfa74,focused,face_or_body,True,none,work,"stock proxy (webcam_angle), not first-person webcam; label derived from the bucket, not annotated; Pexels; Anna Shvets / Pexels; https://www.pexels.com/photo/4226140/",at_desk
attention-proxies/webcam_angle/webcam_angle_p4226256.jpg,eval,apx_webcam_angle_52a951fd9db7,focused,face_or_body,True,none,work,"stock proxy (webcam_angle), not first-person webcam; label derived from the bucket, not annotated; Pexels; Anna Shvets / Pexels; https://www.pexels.com/photo/4226256/",at_desk
attention-proxies/webcam_angle/webcam_angle_p4226261.jpg,train,apx_webcam_angle_c5d6387b727c,focused,face_or_body,True,none,work,"stock proxy (webcam_angle), not first-person webcam; label derived from the bucket, not annotated; Pexels; Anna Shvets / Pexels; https://www.pexels.com/photo/4226261/",at_desk
attention-proxies/webcam_angle/webcam_angle_p5700183.jpg,train,apx_webcam_angle_fad1ed7f8617,focused,face_or_body,True,none,work,"stock proxy (webcam_angle), not first-person webcam; label derived from the bucket, not annotated; Pexels; Alex Green / Pexels; https://www.pexels.com/photo/5700183/",at_desk
attention-proxies/webcam_angle/webcam_angle_p5708413.jpg,train,apx_webcam_angle_82ad52f551b1,focused,face_or_body,True,none,work,"stock proxy (webcam_angle), not first-person webcam; label derived from the bucket, not annotated; Pexels; Tima Miroshnichenko / Pexels; https://www.pexels.com/photo/5708413/",at_desk
attention-proxies/webcam_angle/webcam_angle_p5905961.jpg,eval,apx_webcam_angle_9cc978fcccea,focused,face_or_body,True,none,work,"stock proxy (webcam_angle), not first-person webcam; label derived from the bucket, not annotated; Pexels; Katerina Holmes / Pexels; https://www.pexels.com/photo/5905961/",at_desk
attention-proxies/webcam_angle/webcam_angle_p5917730.jpg,train,apx_webcam_angle_9e2e88e6c945,focused,face_or_body,True,none,work,"stock proxy (webcam_angle), not first-person webcam; label derived from the bucket, not annotated; Pexels; Jack Sparrow / Pexels; https://www.pexels.com/photo/5917730/",at_desk
attention-proxies/webcam_angle/webcam_angle_p5917841.jpg,eval,apx_webcam_angle_795dc60d87ed,focused,face_or_body,True,none,work,"stock proxy (webcam_angle), not first-person webcam; label derived from the bucket, not annotated; Pexels; Jack Sparrow / Pexels; https://www.pexels.com/photo/5917841/",at_desk
attention-proxies/webcam_angle/webcam_angle_p6267021.jpg,train,apx_webcam_angle_5a7335673024,focused,face_or_body,True,none,work,"stock proxy (webcam_angle), not first-person webcam; label derived from the bucket, not annotated; Pexels; Antoni Shkraba / Pexels; https://www.pexels.com/photo/6267021/",at_desk
attention-proxies/webcam_angle/webcam_angle_p6285269.jpg,train,apx_webcam_angle_9d8c24db1ed8,focused,face_or_body,True,none,work,"stock proxy (webcam_angle), not first-person webcam; label derived from the bucket, not annotated; Pexels; Gustavo Fring / Pexels; https://www.pexels.com/photo/6285269/",at_desk
attention-proxies/webcam_angle/webcam_angle_p6285275.jpg,train,apx_webcam_angle_4f2501cdc4d1,focused,face_or_body,True,none,work,"stock proxy (webcam_angle), not first-person webcam; label derived from the bucket, not annotated; Pexels; Gustavo Fring / Pexels; https://www.pexels.com/photo/6285275/",at_desk
attention-proxies/webcam_angle/webcam_angle_p6321233.jpg,eval,apx_webcam_angle_20849582d7ef,focused,face_or_body,True,none,work,"stock proxy (webcam_angle), not first-person webcam; label derived from the bucket, not annotated; Pexels; cottonbro studio / Pexels; https://www.pexels.com/photo/6321233/",at_desk
attention-proxies/webcam_angle/webcam_angle_p6321235.jpg,train,apx_webcam_angle_f920fcb75f0f,focused,face_or_body,True,none,work,"stock proxy (webcam_angle), not first-person webcam; label derived from the bucket, not annotated; Pexels; cottonbro studio / Pexels; https://www.pexels.com/photo/6321235/",at_desk
attention-proxies/webcam_angle/webcam_angle_p6321241.jpg,eval,apx_webcam_angle_17fe7b9c37fb,focused,face_or_body,True,none,work,"stock proxy (webcam_angle), not first-person webcam; label derived from the bucket, not annotated; Pexels; cottonbro studio / Pexels; https://www.pexels.com/photo/6321241/",at_desk
attention-proxies/webcam_angle/webcam_angle_p6325952.jpg,train,apx_webcam_angle_51abffa91e66,focused,face_or_body,True,none,work,"stock proxy (webcam_angle), not first-person webcam; label derived from the bucket, not annotated; Pexels; Vanessa Garcia / Pexels; https://www.pexels.com/photo/6325952/",at_desk
attention-proxies/webcam_angle/webcam_angle_p6325955.jpg,train,apx_webcam_angle_512fe981d51b,focused,face_or_body,True,none,work,"stock proxy (webcam_angle), not first-person webcam; label derived from the bucket, not annotated; Pexels; Vanessa Garcia / Pexels; https://www.pexels.com/photo/6325955/",at_desk
attention-proxies/webcam_angle/webcam_angle_p6585017.jpg,train,apx_webcam_angle_2d69d5c35aa6,focused,face_or_body,True,none,work,"stock proxy (webcam_angle), not first-person webcam; label derived from the bucket, not annotated; Pexels; Artem Podrez / Pexels; https://www.pexels.com/photo/6585017/",at_desk
attention-proxies/webcam_angle/webcam_angle_p6937685.jpg,train,apx_webcam_angle_890e9f4f73bb,focused,face_or_body,True,none,work,"stock proxy (webcam_angle), not first-person webcam; label derived from the bucket, not annotated; Pexels; Diva Plavalaguna / Pexels; https://www.pexels.com/photo/6937685/",at_desk
attention-proxies/webcam_angle/webcam_angle_p6937689.jpg,train,apx_webcam_angle_8e23492b8993,focused,face_or_body,True,none,work,"stock proxy (webcam_angle), not first-person webcam; label derived from the bucket, not annotated; Pexels; Diva Plavalaguna / Pexels; https://www.pexels.com/photo/6937689/",at_desk
attention-proxies/webcam_angle/webcam_angle_p6937715.jpg,eval,apx_webcam_angle_a1a199484a6a,focused,face_or_body,True,none,work,"stock proxy (webcam_angle), not first-person webcam; label derived from the bucket, not annotated; Pexels; Diva Plavalaguna / Pexels; https://www.pexels.com/photo/6937715/",at_desk
attention-proxies/webcam_angle/webcam_angle_p6937748.jpg,train,apx_webcam_angle_988719e4c431,focused,face_or_body,True,none,work,"stock proxy (webcam_angle), not first-person webcam; label derived from the bucket, not annotated; Pexels; Diva Plavalaguna / Pexels; https://www.pexels.com/photo/6937748/",at_desk
attention-proxies/webcam_angle/webcam_angle_p6937836.jpg,eval,apx_webcam_angle_4d4d9235556b,focused,face_or_body,True,none,work,"stock proxy (webcam_angle), not first-person webcam; label derived from the bucket, not annotated; Pexels; Diva Plavalaguna / Pexels; https://www.pexels.com/photo/6937836/",at_desk
attention-proxies/webcam_angle/webcam_angle_p6937837.jpg,eval,apx_webcam_angle_576c946e6cfb,focused,face_or_body,True,none,work,"stock proxy (webcam_angle), not first-person webcam; label derived from the bucket, not annotated; Pexels; Diva Plavalaguna / Pexels; https://www.pexels.com/photo/6937837/",at_desk
attention-proxies/webcam_angle/webcam_angle_p6937842.jpg,eval,apx_webcam_angle_954fa72a3883,focused,face_or_body,True,none,work,"stock proxy (webcam_angle), not first-person webcam; label derived from the bucket, not annotated; Pexels; Diva Plavalaguna / Pexels; https://www.pexels.com/photo/6937842/",at_desk
attention-proxies/webcam_angle/webcam_angle_p6937870.jpg,train,apx_webcam_angle_29f8f908af9f,focused,face_or_body,True,none,work,"stock proxy (webcam_angle), not first-person webcam; label derived from the bucket, not annotated; Pexels; Diva Plavalaguna / Pexels; https://www.pexels.com/photo/6937870/",at_desk
attention-proxies/webcam_angle/webcam_angle_p6937944.jpg,eval,apx_webcam_angle_7aa7e9014871,focused,face_or_body,True,none,work,"stock proxy (webcam_angle), not first-person webcam; label derived from the bucket, not annotated; Pexels; Diva Plavalaguna / Pexels; https://www.pexels.com/photo/6937944/",at_desk
attention-proxies/webcam_angle/webcam_angle_p7014771.jpg,eval,apx_webcam_angle_94195a8c3d79,focused,face_or_body,True,none,work,"stock proxy (webcam_angle), not first-person webcam; label derived from the bucket, not annotated; Pexels; cottonbro studio / Pexels; https://www.pexels.com/photo/7014771/",at_desk
attention-proxies/webcam_angle/webcam_angle_p7195081.jpg,eval,apx_webcam_angle_c75371cd5868,focused,face_or_body,True,none,work,"stock proxy (webcam_angle), not first-person webcam; label derived from the bucket, not annotated; Pexels; https://kaboompics.com/ / Pexels; https://www.pexels.com/photo/7195081/",at_desk
attention-proxies/webcam_angle/webcam_angle_p7195087.jpg,train,apx_webcam_angle_df9bd200b087,focused,face_or_body,True,none,work,"stock proxy (webcam_angle), not first-person webcam; label derived from the bucket, not annotated; Pexels; https://kaboompics.com/ / Pexels; https://www.pexels.com/photo/7195087/",at_desk
attention-proxies/webcam_angle/webcam_angle_p7245806.jpg,train,apx_webcam_angle_03a24d6acaf2,focused,face_or_body,True,none,work,"stock proxy (webcam_angle), not first-person webcam; label derived from the bucket, not annotated; Pexels; LinkedIn Sales Navigator / Pexels; https://www.pexels.com/photo/7245806/",at_desk
attention-proxies/webcam_angle/webcam_angle_p7245808.jpg,train,apx_webcam_angle_5e67e74f8685,focused,face_or_body,True,none,work,"stock proxy (webcam_angle), not first-person webcam; label derived from the bucket, not annotated; Pexels; LinkedIn Sales Navigator / Pexels; https://www.pexels.com/photo/7245808/",at_desk
attention-proxies/webcam_angle/webcam_angle_p7605971.jpg,eval,apx_webcam_angle_a5b8905d35d0,focused,face_or_body,True,none,work,"stock proxy (webcam_angle), not first-person webcam; label derived from the bucket, not annotated; Pexels; MART PRODUCTION / Pexels; https://www.pexels.com/photo/7605971/",at_desk
attention-proxies/webcam_angle/webcam_angle_p7621274.jpg,train,apx_webcam_angle_113b762c2ade,focused,face_or_body,True,none,work,"stock proxy (webcam_angle), not first-person webcam; label derived from the bucket, not annotated; Pexels; Ivan S / Pexels; https://www.pexels.com/photo/7621274/",at_desk
attention-proxies/webcam_angle/webcam_angle_p7643731.jpg,eval,apx_webcam_angle_fccdbcb3e29f,focused,face_or_body,True,none,work,"stock proxy (webcam_angle), not first-person webcam; label derived from the bucket, not annotated; Pexels; MART PRODUCTION / Pexels; https://www.pexels.com/photo/7643731/",at_desk
attention-proxies/webcam_angle/webcam_angle_p7776422.jpg,eval,apx_webcam_angle_d66b5abae751,focused,face_or_body,True,none,work,"stock proxy (webcam_angle), not first-person webcam; label derived from the bucket, not annotated; Pexels; Mikhail Nilov / Pexels; https://www.pexels.com/photo/7776422/",at_desk
attention-proxies/webcam_angle/webcam_angle_p7777142.jpg,train,apx_webcam_angle_bef817b0c7eb,focused,face_or_body,True,none,work,"stock proxy (webcam_angle), not first-person webcam; label derived from the bucket, not annotated; Pexels; Mikhail Nilov / Pexels; https://www.pexels.com/photo/7777142/",at_desk
attention-proxies/webcam_angle/webcam_angle_p8055488.jpg,train,apx_webcam_angle_579242050f9c,focused,face_or_body,True,none,work,"stock proxy (webcam_angle), not first-person webcam; label derived from the bucket, not annotated; Pexels; Annushka Ahuja / Pexels; https://www.pexels.com/photo/8055488/",at_desk
attention-proxies/webcam_angle/webcam_angle_p8369662.jpg,eval,apx_webcam_angle_01ce6961921a,focused,face_or_body,True,none,work,"stock proxy (webcam_angle), not first-person webcam; label derived from the bucket, not annotated; Pexels; RDNE Stock project / Pexels; https://www.pexels.com/photo/8369662/",at_desk
attention-proxies/webcam_angle/webcam_angle_p8374305.jpg,eval,apx_webcam_angle_038fdd90747b,focused,face_or_body,True,none,work,"stock proxy (webcam_angle), not first-person webcam; label derived from the bucket, not annotated; Pexels; ANTONI SHKRABA production / Pexels; https://www.pexels.com/photo/8374305/",at_desk
attention-proxies/webcam_angle/webcam_angle_p8770667.jpg,eval,apx_webcam_angle_9c8cc5549ac1,focused,face_or_body,True,none,work,"stock proxy (webcam_angle), not first-person webcam; label derived from the bucket, not annotated; Pexels; Gustavo Fring / Pexels; https://www.pexels.com/photo/8770667/",at_desk
attention-proxies/phone_low/phone_low_p10376221.jpg,train,apx_phone_low_9e8a14f207d7,phone,face_or_body,True,in_use,phone,"stock proxy (phone_low), not first-person webcam; label derived from the bucket, not annotated; Pexels; RDNE Stock project / Pexels; https://www.pexels.com/photo/10376221/",distracted
attention-proxies/phone_low/phone_low_p17459590.jpg,train,apx_phone_low_1c3cc07880d5,phone,face_or_body,True,in_use,phone,"stock proxy (phone_low), not first-person webcam; label derived from the bucket, not annotated; Pexels; Jessika Arraes / Pexels; https://www.pexels.com/photo/17459590/",distracted
attention-proxies/phone_low/phone_low_p19747853.jpg,eval,apx_phone_low_9776a3ff19ae,phone,face_or_body,True,in_use,phone,"stock proxy (phone_low), not first-person webcam; label derived from the bucket, not annotated; Pexels; Aathif Aarifeen / Pexels; https://www.pexels.com/photo/19747853/",distracted
attention-proxies/phone_low/phone_low_p22046263.jpg,train,apx_phone_low_43570fec07f6,phone,face_or_body,True,in_use,phone,"stock proxy (phone_low), not first-person webcam; label derived from the bucket, not annotated; Pexels; Vitaly Gariev / Pexels; https://www.pexels.com/photo/22046263/",distracted
attention-proxies/phone_low/phone_low_p3182819.jpg,train,apx_phone_low_5fe2a3119c18,phone,face_or_body,True,in_use,phone,"stock proxy (phone_low), not first-person webcam; label derived from the bucket, not annotated; Pexels; fauxels / Pexels; https://www.pexels.com/photo/3182819/",distracted
attention-proxies/phone_low/phone_low_p3202033.jpg,train,apx_phone_low_c08ef6fc0855,phone,face_or_body,True,in_use,phone,"stock proxy (phone_low), not first-person webcam; label derived from the bucket, not annotated; Pexels; cottonbro studio / Pexels; https://www.pexels.com/photo/3202033/",distracted
attention-proxies/phone_low/phone_low_p36713027.jpg,train,apx_phone_low_114c11678338,phone,face_or_body,True,in_use,phone,"stock proxy (phone_low), not first-person webcam; label derived from the bucket, not annotated; Pexels; Vitaly Gariev / Pexels; https://www.pexels.com/photo/36713027/",distracted
attention-proxies/phone_low/phone_low_p3756688.jpg,train,apx_phone_low_89f2a269317c,phone,face_or_body,True,in_use,phone,"stock proxy (phone_low), not first-person webcam; label derived from the bucket, not annotated; Pexels; Andrea Piacquadio / Pexels; https://www.pexels.com/photo/3756688/",distracted
attention-proxies/phone_low/phone_low_p4476389.jpg,eval,apx_phone_low_e62163c86ecc,phone,face_or_body,True,in_use,phone,"stock proxy (phone_low), not first-person webcam; label derived from the bucket, not annotated; Pexels; https://kaboompics.com/ / Pexels; https://www.pexels.com/photo/4476389/",distracted
attention-proxies/phone_low/phone_low_p4623536.jpg,train,apx_phone_low_db3b36b2d203,phone,face_or_body,True,in_use,phone,"stock proxy (phone_low), not first-person webcam; label derived from the bucket, not annotated; Pexels; Ketut Subiyanto / Pexels; https://www.pexels.com/photo/4623536/",distracted
attention-proxies/phone_low/phone_low_p5061002.jpg,eval,apx_phone_low_c56e14b803ce,phone,face_or_body,True,in_use,phone,"stock proxy (phone_low), not first-person webcam; label derived from the bucket, not annotated; Pexels; Thirdman / Pexels; https://www.pexels.com/photo/5061002/",distracted
attention-proxies/phone_low/phone_low_p5081393.jpg,train,apx_phone_low_fd714ead5780,phone,face_or_body,True,in_use,phone,"stock proxy (phone_low), not first-person webcam; label derived from the bucket, not annotated; Pexels; cottonbro studio / Pexels; https://www.pexels.com/photo/5081393/",distracted
attention-proxies/phone_low/phone_low_p5398955.jpg,train,apx_phone_low_1c7ba5c0adca,phone,face_or_body,True,in_use,phone,"stock proxy (phone_low), not first-person webcam; label derived from the bucket, not annotated; Pexels; https://kaboompics.com/ / Pexels; https://www.pexels.com/photo/5398955/",distracted
attention-proxies/phone_low/phone_low_p5398959.jpg,train,apx_phone_low_24ea744f9185,phone,face_or_body,True,in_use,phone,"stock proxy (phone_low), not first-person webcam; label derived from the bucket, not annotated; Pexels; https://kaboompics.com/ / Pexels; https://www.pexels.com/photo/5398959/",distracted
attention-proxies/phone_low/phone_low_p5398973.jpg,train,apx_phone_low_8fd698e34944,phone,face_or_body,True,in_use,phone,"stock proxy (phone_low), not first-person webcam; label derived from the bucket, not annotated; Pexels; https://kaboompics.com/ / Pexels; https://www.pexels.com/photo/5398973/",distracted
attention-proxies/phone_low/phone_low_p5717260.jpg,eval,apx_phone_low_4b95080f091c,phone,face_or_body,True,in_use,phone,"stock proxy (phone_low), not first-person webcam; label derived from the bucket, not annotated; Pexels; Tima Miroshnichenko / Pexels; https://www.pexels.com/photo/5717260/",distracted
attention-proxies/phone_low/phone_low_p5717677.jpg,train,apx_phone_low_3d017e624994,phone,face_or_body,True,in_use,phone,"stock proxy (phone_low), not first-person webcam; label derived from the bucket, not annotated; Pexels; https://kaboompics.com/ / Pexels; https://www.pexels.com/photo/5717677/",distracted
attention-proxies/phone_low/phone_low_p5717681.jpg,train,apx_phone_low_513e2ee2eeee,phone,face_or_body,True,in_use,phone,"stock proxy (phone_low), not first-person webcam; label derived from the bucket, not annotated; Pexels; https://kaboompics.com/ / Pexels; https://www.pexels.com/photo/5717681/",distracted
attention-proxies/phone_low/phone_low_p5999828.jpg,eval,apx_phone_low_44bd66f4ee4c,phone,face_or_body,True,in_use,phone,"stock proxy (phone_low), not first-person webcam; label derived from the bucket, not annotated; Pexels; Ono Kosuki / Pexels; https://www.pexels.com/photo/5999828/",distracted
attention-proxies/phone_low/phone_low_p6173675.jpg,eval,apx_phone_low_2ce09c010211,phone,face_or_body,True,in_use,phone,"stock proxy (phone_low), not first-person webcam; label derived from the bucket, not annotated; Pexels; Anna Tarazevich / Pexels; https://www.pexels.com/photo/6173675/",distracted
attention-proxies/phone_low/phone_low_p7191988.jpg,eval,apx_phone_low_882b20d84e3c,phone,face_or_body,True,in_use,phone,"stock proxy (phone_low), not first-person webcam; label derived from the bucket, not annotated; Pexels; SHVETS production / Pexels; https://www.pexels.com/photo/7191988/",distracted
attention-proxies/phone_low/phone_low_p7191991.jpg,eval,apx_phone_low_c1657d0ce12a,phone,face_or_body,True,in_use,phone,"stock proxy (phone_low), not first-person webcam; label derived from the bucket, not annotated; Pexels; SHVETS production / Pexels; https://www.pexels.com/photo/7191991/",distracted
attention-proxies/phone_low/phone_low_p7382489.jpg,eval,apx_phone_low_1801450bf502,phone,face_or_body,True,in_use,phone,"stock proxy (phone_low), not first-person webcam; label derived from the bucket, not annotated; Pexels; Polina Tankilevitch / Pexels; https://www.pexels.com/photo/7382489/",distracted
attention-proxies/phone_low/phone_low_p7643793.jpg,eval,apx_phone_low_08fbc84a7d4f,phone,face_or_body,True,in_use,phone,"stock proxy (phone_low), not first-person webcam; label derived from the bucket, not annotated; Pexels; MART PRODUCTION / Pexels; https://www.pexels.com/photo/7643793/",distracted
attention-proxies/phone_low/phone_low_p7643799.jpg,eval,apx_phone_low_8844e98d5d05,phone,face_or_body,True,in_use,phone,"stock proxy (phone_low), not first-person webcam; label derived from the bucket, not annotated; Pexels; MART PRODUCTION / Pexels; https://www.pexels.com/photo/7643799/",distracted
attention-proxies/phone_low/phone_low_p7651654.jpg,train,apx_phone_low_eb81ad6a0f3e,phone,face_or_body,True,in_use,phone,"stock proxy (phone_low), not first-person webcam; label derived from the bucket, not annotated; Pexels; Kindel Media / Pexels; https://www.pexels.com/photo/7651654/",distracted
attention-proxies/phone_low/phone_low_p7657728.jpg,train,apx_phone_low_de5834203a71,phone,face_or_body,True,in_use,phone,"stock proxy (phone_low), not first-person webcam; label derived from the bucket, not annotated; Pexels; Cup of Couple / Pexels; https://www.pexels.com/photo/7657728/",distracted
attention-proxies/phone_low/phone_low_p7679134.jpg,train,apx_phone_low_713d6e4c9bb3,phone,face_or_body,True,in_use,phone,"stock proxy (phone_low), not first-person webcam; label derived from the bucket, not annotated; Pexels; Mikhail Nilov / Pexels; https://www.pexels.com/photo/7679134/",distracted
attention-proxies/phone_low/phone_low_p7845047.jpg,eval,apx_phone_low_dff5dccc5990,phone,face_or_body,True,in_use,phone,"stock proxy (phone_low), not first-person webcam; label derived from the bucket, not annotated; Pexels; RDNE Stock project / Pexels; https://www.pexels.com/photo/7845047/",distracted
attention-proxies/phone_low/phone_low_p7845097.jpg,train,apx_phone_low_bc8b585c0330,phone,face_or_body,True,in_use,phone,"stock proxy (phone_low), not first-person webcam; label derived from the bucket, not annotated; Pexels; RDNE Stock project / Pexels; https://www.pexels.com/photo/7845097/",distracted
attention-proxies/phone_low/phone_low_p8367778.jpg,train,apx_phone_low_31474a4d61bd,phone,face_or_body,True,in_use,phone,"stock proxy (phone_low), not first-person webcam; label derived from the bucket, not annotated; Pexels; Vlada Karpovich / Pexels; https://www.pexels.com/photo/8367778/",distracted
attention-proxies/phone_low/phone_low_p8367834.jpg,eval,apx_phone_low_30e587fd14a2,phone,face_or_body,True,in_use,phone,"stock proxy (phone_low), not first-person webcam; label derived from the bucket, not annotated; Pexels; Vlada Karpovich / Pexels; https://www.pexels.com/photo/8367834/",distracted
attention-proxies/phone_low/phone_low_p8546656.jpg,train,apx_phone_low_5c084ed6bbd9,phone,face_or_body,True,in_use,phone,"stock proxy (phone_low), not first-person webcam; label derived from the bucket, not annotated; Pexels; https://kaboompics.com/ / Pexels; https://www.pexels.com/photo/8546656/",distracted
attention-proxies/phone_low/phone_low_p8546692.jpg,eval,apx_phone_low_9175d82f85cd,phone,face_or_body,True,in_use,phone,"stock proxy (phone_low), not first-person webcam; label derived from the bucket, not annotated; Pexels; https://kaboompics.com/ / Pexels; https://www.pexels.com/photo/8546692/",distracted
attention-proxies/phone_low/phone_low_p8682770.jpg,train,apx_phone_low_cfa2b149f520,phone,face_or_body,True,in_use,phone,"stock proxy (phone_low), not first-person webcam; label derived from the bucket, not annotated; Pexels; Ron Lach / Pexels; https://www.pexels.com/photo/8682770/",distracted
attention-proxies/phone_low/phone_low_p8682773.jpg,train,apx_phone_low_8d416e6509cc,phone,face_or_body,True,in_use,phone,"stock proxy (phone_low), not first-person webcam; label derived from the bucket, not annotated; Pexels; Ron Lach / Pexels; https://www.pexels.com/photo/8682773/",distracted
attention-proxies/phone_low/phone_low_p8682783.jpg,train,apx_phone_low_4beb846ca8ec,phone,face_or_body,True,in_use,phone,"stock proxy (phone_low), not first-person webcam; label derived from the bucket, not annotated; Pexels; Ron Lach / Pexels; https://www.pexels.com/photo/8682783/",distracted
attention-proxies/lighting/lighting_p11148009.jpg,train,apx_lighting_c32c90f90d7e,focused,face_or_body,True,none,work,"stock proxy (lighting), not first-person webcam; label derived from the bucket, not annotated; Pexels; Svetlana Tumina / Pexels; https://www.pexels.com/photo/11148009/",at_desk
attention-proxies/lighting/lighting_p11208029.jpg,eval,apx_lighting_25c226c6b050,focused,face_or_body,True,none,work,"stock proxy (lighting), not first-person webcam; label derived from the bucket, not annotated; Pexels; Czapp Árpád / Pexels; https://www.pexels.com/photo/11208029/",at_desk
attention-proxies/lighting/lighting_p12899135.jpg,eval,apx_lighting_90c351b72729,focused,face_or_body,True,none,work,"stock proxy (lighting), not first-person webcam; label derived from the bucket, not annotated; Pexels; Mizuno K / Pexels; https://www.pexels.com/photo/12899135/",at_desk
attention-proxies/lighting/lighting_p12903142.jpg,train,apx_lighting_aed9438fb7fc,focused,face_or_body,True,none,work,"stock proxy (lighting), not first-person webcam; label derived from the bucket, not annotated; Pexels; Mizuno K / Pexels; https://www.pexels.com/photo/12903142/",at_desk
attention-proxies/lighting/lighting_p13807032.jpg,train,apx_lighting_bda5bb8e7d48,focused,face_or_body,True,none,work,"stock proxy (lighting), not first-person webcam; label derived from the bucket, not annotated; Pexels; Alexandra Patrusheva / Pexels; https://www.pexels.com/photo/13807032/",at_desk
attention-proxies/lighting/lighting_p14386896.jpg,train,apx_lighting_102df2fe1928,focused,face_or_body,True,none,work,"stock proxy (lighting), not first-person webcam; label derived from the bucket, not annotated; Pexels; HEY ERRY / Pexels; https://www.pexels.com/photo/14386896/",at_desk
attention-proxies/lighting/lighting_p16058831.jpg,train,apx_lighting_57f3b85355fa,focused,face_or_body,True,none,work,"stock proxy (lighting), not first-person webcam; label derived from the bucket, not annotated; Pexels; Czapp Árpád / Pexels; https://www.pexels.com/photo/16058831/",at_desk
attention-proxies/lighting/lighting_p16058832.jpg,eval,apx_lighting_beedf70df29d,focused,face_or_body,True,none,work,"stock proxy (lighting), not first-person webcam; label derived from the bucket, not annotated; Pexels; Czapp Árpád / Pexels; https://www.pexels.com/photo/16058832/",at_desk
attention-proxies/lighting/lighting_p16075752.jpg,train,apx_lighting_f79e61b2647c,focused,face_or_body,True,none,work,"stock proxy (lighting), not first-person webcam; label derived from the bucket, not annotated; Pexels; Czapp Árpád / Pexels; https://www.pexels.com/photo/16075752/",at_desk
attention-proxies/lighting/lighting_p17077377.jpg,train,apx_lighting_7d16ecff984b,focused,face_or_body,True,none,work,"stock proxy (lighting), not first-person webcam; label derived from the bucket, not annotated; Pexels; Czapp Árpád / Pexels; https://www.pexels.com/photo/17077377/",at_desk
attention-proxies/lighting/lighting_p19038626.jpg,train,apx_lighting_bcebd0ea8704,focused,face_or_body,True,none,work,"stock proxy (lighting), not first-person webcam; label derived from the bucket, not annotated; Pexels; Henrique Ribeiro / Pexels; https://www.pexels.com/photo/19038626/",at_desk
attention-proxies/lighting/lighting_p30215680.jpg,train,apx_lighting_f99487fb06f4,focused,face_or_body,True,none,work,"stock proxy (lighting), not first-person webcam; label derived from the bucket, not annotated; Pexels; Oktay Köseoğlu / Pexels; https://www.pexels.com/photo/30215680/",at_desk
attention-proxies/lighting/lighting_p30215684.jpg,train,apx_lighting_941c88d0e5c5,focused,face_or_body,True,none,work,"stock proxy (lighting), not first-person webcam; label derived from the bucket, not annotated; Pexels; Oktay Köseoğlu / Pexels; https://www.pexels.com/photo/30215684/",at_desk
attention-proxies/lighting/lighting_p30215685.jpg,train,apx_lighting_39b45143c79a,focused,face_or_body,True,none,work,"stock proxy (lighting), not first-person webcam; label derived from the bucket, not annotated; Pexels; Oktay Köseoğlu / Pexels; https://www.pexels.com/photo/30215685/",at_desk
attention-proxies/lighting/lighting_p30215686.jpg,eval,apx_lighting_02d7f841e6dd,focused,face_or_body,True,none,work,"stock proxy (lighting), not first-person webcam; label derived from the bucket, not annotated; Pexels; Oktay Köseoğlu / Pexels; https://www.pexels.com/photo/30215686/",at_desk
attention-proxies/lighting/lighting_p30756720.jpg,eval,apx_lighting_06e4b9834973,focused,face_or_body,True,none,work,"stock proxy (lighting), not first-person webcam; label derived from the bucket, not annotated; Pexels; 𝐂é𝐝𝐫𝐢𝐜 / Pexels; https://www.pexels.com/photo/30756720/",at_desk
attention-proxies/lighting/lighting_p33476686.jpg,train,apx_lighting_c59b08695f89,focused,face_or_body,True,none,work,"stock proxy (lighting), not first-person webcam; label derived from the bucket, not annotated; Pexels; Leonardo Delsabio / Pexels; https://www.pexels.com/photo/33476686/",at_desk
attention-proxies/lighting/lighting_p33940743.jpg,train,apx_lighting_9cec24c13a2f,focused,face_or_body,True,none,work,"stock proxy (lighting), not first-person webcam; label derived from the bucket, not annotated; Pexels; MT photography 😊📸📸 / Pexels; https://www.pexels.com/photo/33940743/",at_desk
attention-proxies/lighting/lighting_p35242157.jpg,eval,apx_lighting_bab2f4fd59f1,focused,face_or_body,True,none,work,"stock proxy (lighting), not first-person webcam; label derived from the bucket, not annotated; Pexels; Leonardo Delsabio / Pexels; https://www.pexels.com/photo/35242157/",at_desk
attention-proxies/lighting/lighting_p36713389.jpg,eval,apx_lighting_e1b692b38717,focused,face_or_body,True,none,work,"stock proxy (lighting), not first-person webcam; label derived from the bucket, not annotated; Pexels; Vitaly Gariev / Pexels; https://www.pexels.com/photo/36713389/",at_desk
attention-proxies/lighting/lighting_p36713398.jpg,eval,apx_lighting_9d4ef57950d7,focused,face_or_body,True,none,work,"stock proxy (lighting), not first-person webcam; label derived from the bucket, not annotated; Pexels; Vitaly Gariev / Pexels; https://www.pexels.com/photo/36713398/",at_desk
attention-proxies/lighting/lighting_p36713400.jpg,train,apx_lighting_bc0107fe8904,focused,face_or_body,True,none,work,"stock proxy (lighting), not first-person webcam; label derived from the bucket, not annotated; Pexels; Vitaly Gariev / Pexels; https://www.pexels.com/photo/36713400/",at_desk
attention-proxies/lighting/lighting_p36713413.jpg,train,apx_lighting_c6dbb038aeca,focused,face_or_body,True,none,work,"stock proxy (lighting), not first-person webcam; label derived from the bucket, not annotated; Pexels; Vitaly Gariev / Pexels; https://www.pexels.com/photo/36713413/",at_desk
attention-proxies/lighting/lighting_p36713441.jpg,eval,apx_lighting_b30042cd507b,focused,face_or_body,True,none,work,"stock proxy (lighting), not first-person webcam; label derived from the bucket, not annotated; Pexels; Vitaly Gariev / Pexels; https://www.pexels.com/photo/36713441/",at_desk
attention-proxies/lighting/lighting_p4384141.jpg,eval,apx_lighting_1aea646bba05,focused,face_or_body,True,none,work,"stock proxy (lighting), not first-person webcam; label derived from the bucket, not annotated; Pexels; Kulik Stepan / Pexels; https://www.pexels.com/photo/4384141/",at_desk
attention-proxies/lighting/lighting_p4384147.jpg,train,apx_lighting_af2c47181edf,focused,face_or_body,True,none,work,"stock proxy (lighting), not first-person webcam; label derived from the bucket, not annotated; Pexels; Kulik Stepan / Pexels; https://www.pexels.com/photo/4384147/",at_desk
attention-proxies/lighting/lighting_p5473300.jpg,train,apx_lighting_87205d4e222a,focused,face_or_body,True,none,work,"stock proxy (lighting), not first-person webcam; label derived from the bucket, not annotated; Pexels; cottonbro studio / Pexels; https://www.pexels.com/photo/5473300/",at_desk
attention-proxies/lighting/lighting_p6615034.jpg,train,apx_lighting_53644a24d5a3,focused,face_or_body,True,none,work,"stock proxy (lighting), not first-person webcam; label derived from the bucket, not annotated; Pexels; Tima Miroshnichenko / Pexels; https://www.pexels.com/photo/6615034/",at_desk
attention-proxies/lighting/lighting_p6615044.jpg,train,apx_lighting_a9280a9fc9cf,focused,face_or_body,True,none,work,"stock proxy (lighting), not first-person webcam; label derived from the bucket, not annotated; Pexels; Tima Miroshnichenko / Pexels; https://www.pexels.com/photo/6615044/",at_desk
attention-proxies/lighting/lighting_p6615073.jpg,eval,apx_lighting_8e92d0b118a8,focused,face_or_body,True,none,work,"stock proxy (lighting), not first-person webcam; label derived from the bucket, not annotated; Pexels; Tima Miroshnichenko / Pexels; https://www.pexels.com/photo/6615073/",at_desk
attention-proxies/lighting/lighting_p6972731.jpg,train,apx_lighting_836fd2a6afe0,focused,face_or_body,True,none,work,"stock proxy (lighting), not first-person webcam; label derived from the bucket, not annotated; Pexels; Mikhail Nilov / Pexels; https://www.pexels.com/photo/6972731/",at_desk
attention-proxies/lighting/lighting_p7063738.jpg,train,apx_lighting_2a5a0ba12088,focused,face_or_body,True,none,work,"stock proxy (lighting), not first-person webcam; label derived from the bucket, not annotated; Pexels; Dziana Hasanbekava / Pexels; https://www.pexels.com/photo/7063738/",at_desk
attention-proxies/lighting/lighting_p7063743.jpg,eval,apx_lighting_a46e9e07a5ec,focused,face_or_body,True,none,work,"stock proxy (lighting), not first-person webcam; label derived from the bucket, not annotated; Pexels; Dziana Hasanbekava / Pexels; https://www.pexels.com/photo/7063743/",at_desk
attention-proxies/lighting/lighting_p7097826.jpg,eval,apx_lighting_59b1f6180d17,focused,face_or_body,True,none,work,"stock proxy (lighting), not first-person webcam; label derived from the bucket, not annotated; Pexels; cottonbro studio / Pexels; https://www.pexels.com/photo/7097826/",at_desk
attention-proxies/lighting/lighting_p7098113.jpg,eval,apx_lighting_3a704d930c55,focused,face_or_body,True,none,work,"stock proxy (lighting), not first-person webcam; label derived from the bucket, not annotated; Pexels; cottonbro studio / Pexels; https://www.pexels.com/photo/7098113/",at_desk
attention-proxies/lighting/lighting_p8369203.jpg,train,apx_lighting_912c4ce7a854,focused,face_or_body,True,none,work,"stock proxy (lighting), not first-person webcam; label derived from the bucket, not annotated; Pexels; cottonbro studio / Pexels; https://www.pexels.com/photo/8369203/",at_desk
attention-proxies/lighting/lighting_p8369248.jpg,train,apx_lighting_1576617005e1,focused,face_or_body,True,none,work,"stock proxy (lighting), not first-person webcam; label derived from the bucket, not annotated; Pexels; cottonbro studio / Pexels; https://www.pexels.com/photo/8369248/",at_desk
attention-proxies/lighting/lighting_p8369249.jpg,eval,apx_lighting_bf270f0a056f,focused,face_or_body,True,none,work,"stock proxy (lighting), not first-person webcam; label derived from the bucket, not annotated; Pexels; cottonbro studio / Pexels; https://www.pexels.com/photo/8369249/",at_desk
attention-proxies/lighting/lighting_p8370968.jpg,train,apx_lighting_4ed1d25f39c1,focused,face_or_body,True,none,work,"stock proxy (lighting), not first-person webcam; label derived from the bucket, not annotated; Pexels; cottonbro studio / Pexels; https://www.pexels.com/photo/8370968/",at_desk
attention-proxies/lighting/lighting_p8371734.jpg,eval,apx_lighting_6dce6b5d3a3b,focused,face_or_body,True,none,work,"stock proxy (lighting), not first-person webcam; label derived from the bucket, not annotated; Pexels; cottonbro studio / Pexels; https://www.pexels.com/photo/8371734/",at_desk
attention-proxies/lighting/lighting_p8382289.jpg,eval,apx_lighting_3f0bde6a546a,focused,face_or_body,True,none,work,"stock proxy (lighting), not first-person webcam; label derived from the bucket, not annotated; Pexels; cottonbro studio / Pexels; https://www.pexels.com/photo/8382289/",at_desk
attention-proxies/lighting/lighting_p8382294.jpg,train,apx_lighting_0941b2d62a37,focused,face_or_body,True,none,work,"stock proxy (lighting), not first-person webcam; label derived from the bucket, not annotated; Pexels; cottonbro studio / Pexels; https://www.pexels.com/photo/8382294/",at_desk
attention-proxies/lighting/lighting_p8885505.jpg,train,apx_lighting_33495f6615cf,focused,face_or_body,True,none,work,"stock proxy (lighting), not first-person webcam; label derived from the bucket, not annotated; Pexels; MART PRODUCTION / Pexels; https://www.pexels.com/photo/8885505/",at_desk
attention-proxies/lighting/lighting_p9062790.jpg,eval,apx_lighting_d23cd943b90d,focused,face_or_body,True,none,work,"stock proxy (lighting), not first-person webcam; label derived from the bucket, not annotated; Pexels; cottonbro studio / Pexels; https://www.pexels.com/photo/9062790/",at_desk
attention-proxies/posture_focus/posture_focus_p10376163.jpg,train,apx_posture_focus_28c252afd58d,focused,face_or_body,True,none,work,"stock proxy (posture_focus), not first-person webcam; label derived from the bucket, not annotated; Pexels; RDNE Stock project / Pexels; https://www.pexels.com/photo/10376163/",at_desk
attention-proxies/posture_focus/posture_focus_p11160256.jpg,train,apx_posture_focus_589c9d8e73a8,focused,face_or_body,True,none,work,"stock proxy (posture_focus), not first-person webcam; label derived from the bucket, not annotated; Pexels; Yulia Polyakova / Pexels; https://www.pexels.com/photo/11160256/",at_desk
attention-proxies/posture_focus/posture_focus_p12903124.jpg,eval,apx_posture_focus_95a1ad9076ad,focused,face_or_body,True,none,work,"stock proxy (posture_focus), not first-person webcam; label derived from the bucket, not annotated; Pexels; Mizuno K / Pexels; https://www.pexels.com/photo/12903124/",at_desk
attention-proxies/posture_focus/posture_focus_p12912150.jpg,train,apx_posture_focus_e0e7d2939e96,focused,face_or_body,True,none,work,"stock proxy (posture_focus), not first-person webcam; label derived from the bucket, not annotated; Pexels; Mizuno K / Pexels; https://www.pexels.com/photo/12912150/",at_desk
attention-proxies/posture_focus/posture_focus_p3092558.jpg,train,apx_posture_focus_8e18a7073bbf,focused,face_or_body,True,none,work,"stock proxy (posture_focus), not first-person webcam; label derived from the bucket, not annotated; Pexels; carol wd / Pexels; https://www.pexels.com/photo/3092558/",at_desk
attention-proxies/posture_focus/posture_focus_p3760811.jpg,eval,apx_posture_focus_807bf76fb5aa,focused,face_or_body,True,none,work,"stock proxy (posture_focus), not first-person webcam; label derived from the bucket, not annotated; Pexels; Andrea Piacquadio / Pexels; https://www.pexels.com/photo/3760811/",at_desk
attention-proxies/posture_focus/posture_focus_p3768174.jpg,train,apx_posture_focus_860e52894a73,focused,face_or_body,True,none,work,"stock proxy (posture_focus), not first-person webcam; label derived from the bucket, not annotated; Pexels; Andrea Piacquadio / Pexels; https://www.pexels.com/photo/3768174/",at_desk
attention-proxies/posture_focus/posture_focus_p37851406.jpg,eval,apx_posture_focus_12a7fb2c002f,focused,face_or_body,True,none,work,"stock proxy (posture_focus), not first-person webcam; label derived from the bucket, not annotated; Pexels; Franco Solis / Pexels; https://www.pexels.com/photo/37851406/",at_desk
attention-proxies/posture_focus/posture_focus_p4269278.jpg,train,apx_posture_focus_74cd888e0698,focused,face_or_body,True,none,work,"stock proxy (posture_focus), not first-person webcam; label derived from the bucket, not annotated; Pexels; Cedric Fauntleroy / Pexels; https://www.pexels.com/photo/4269278/",at_desk
attention-proxies/posture_focus/posture_focus_p4769482.jpg,train,apx_posture_focus_85f6d1f142c1,focused,face_or_body,True,none,work,"stock proxy (posture_focus), not first-person webcam; label derived from the bucket, not annotated; Pexels; cottonbro studio / Pexels; https://www.pexels.com/photo/4769482/",at_desk
attention-proxies/posture_focus/posture_focus_p5712127.jpg,train,apx_posture_focus_2490a267aa09,focused,face_or_body,True,none,work,"stock proxy (posture_focus), not first-person webcam; label derived from the bucket, not annotated; Pexels; Arina Krasnikova / Pexels; https://www.pexels.com/photo/5712127/",at_desk
attention-proxies/posture_focus/posture_focus_p5951364.jpg,train,apx_posture_focus_13107fb96dcf,focused,face_or_body,True,none,work,"stock proxy (posture_focus), not first-person webcam; label derived from the bucket, not annotated; Pexels; Arina Krasnikova / Pexels; https://www.pexels.com/photo/5951364/",at_desk
attention-proxies/posture_focus/posture_focus_p5951380.jpg,train,apx_posture_focus_9b10b65f4264,focused,face_or_body,True,none,work,"stock proxy (posture_focus), not first-person webcam; label derived from the bucket, not annotated; Pexels; Arina Krasnikova / Pexels; https://www.pexels.com/photo/5951380/",at_desk
attention-proxies/posture_focus/posture_focus_p6028525.jpg,train,apx_posture_focus_87fbf66f7a70,focused,face_or_body,True,none,work,"stock proxy (posture_focus), not first-person webcam; label derived from the bucket, not annotated; Pexels; https://kaboompics.com/ / Pexels; https://www.pexels.com/photo/6028525/",at_desk
attention-proxies/posture_focus/posture_focus_p6028577.jpg,train,apx_posture_focus_8fd7112d1777,focused,face_or_body,True,none,work,"stock proxy (posture_focus), not first-person webcam; label derived from the bucket, not annotated; Pexels; https://kaboompics.com/ / Pexels; https://www.pexels.com/photo/6028577/",at_desk
attention-proxies/posture_focus/posture_focus_p6325938.jpg,train,apx_posture_focus_e6183629756d,focused,face_or_body,True,none,work,"stock proxy (posture_focus), not first-person webcam; label derived from the bucket, not annotated; Pexels; Vanessa Garcia / Pexels; https://www.pexels.com/photo/6325938/",at_desk
attention-proxies/posture_focus/posture_focus_p6325943.jpg,eval,apx_posture_focus_2cfddf273351,focused,face_or_body,True,none,work,"stock proxy (posture_focus), not first-person webcam; label derived from the bucket, not annotated; Pexels; Vanessa Garcia / Pexels; https://www.pexels.com/photo/6325943/",at_desk
attention-proxies/posture_focus/posture_focus_p6334161.jpg,train,apx_posture_focus_dbb363d77516,focused,face_or_body,True,none,work,"stock proxy (posture_focus), not first-person webcam; label derived from the bucket, not annotated; Pexels; https://kaboompics.com/ / Pexels; https://www.pexels.com/photo/6334161/",at_desk
attention-proxies/posture_focus/posture_focus_p6985718.jpg,train,apx_posture_focus_513b796789c3,focused,face_or_body,True,none,work,"stock proxy (posture_focus), not first-person webcam; label derived from the bucket, not annotated; Pexels; cottonbro studio / Pexels; https://www.pexels.com/photo/6985718/",at_desk
attention-proxies/posture_focus/posture_focus_p7255452.jpg,eval,apx_posture_focus_0a95533aa552,focused,face_or_body,True,none,work,"stock proxy (posture_focus), not first-person webcam; label derived from the bucket, not annotated; Pexels; MART PRODUCTION / Pexels; https://www.pexels.com/photo/7255452/",at_desk
attention-proxies/posture_focus/posture_focus_p7320315.jpg,eval,apx_posture_focus_609d6dcd66b8,focused,face_or_body,True,none,work,"stock proxy (posture_focus), not first-person webcam; label derived from the bucket, not annotated; Pexels; https://kaboompics.com/ / Pexels; https://www.pexels.com/photo/7320315/",at_desk
attention-proxies/posture_focus/posture_focus_p7320318.jpg,eval,apx_posture_focus_d14b7fc27c60,focused,face_or_body,True,none,work,"stock proxy (posture_focus), not first-person webcam; label derived from the bucket, not annotated; Pexels; https://kaboompics.com/ / Pexels; https://www.pexels.com/photo/7320318/",at_desk
attention-proxies/posture_focus/posture_focus_p7320331.jpg,eval,apx_posture_focus_89619044782a,focused,face_or_body,True,none,work,"stock proxy (posture_focus), not first-person webcam; label derived from the bucket, not annotated; Pexels; https://kaboompics.com/ / Pexels; https://www.pexels.com/photo/7320331/",at_desk
attention-proxies/posture_focus/posture_focus_p7320370.jpg,eval,apx_posture_focus_96e743c08ede,focused,face_or_body,True,none,work,"stock proxy (posture_focus), not first-person webcam; label derived from the bucket, not annotated; Pexels; https://kaboompics.com/ / Pexels; https://www.pexels.com/photo/7320370/",at_desk
attention-proxies/posture_focus/posture_focus_p7320502.jpg,train,apx_posture_focus_9b260b4d98a8,focused,face_or_body,True,none,work,"stock proxy (posture_focus), not first-person webcam; label derived from the bucket, not annotated; Pexels; https://kaboompics.com/ / Pexels; https://www.pexels.com/photo/7320502/",at_desk
attention-proxies/posture_focus/posture_focus_p7320596.jpg,eval,apx_posture_focus_8acea549c835,focused,face_or_body,True,none,work,"stock proxy (posture_focus), not first-person webcam; label derived from the bucket, not annotated; Pexels; https://kaboompics.com/ / Pexels; https://www.pexels.com/photo/7320596/",at_desk
attention-proxies/posture_focus/posture_focus_p7320604.jpg,eval,apx_posture_focus_3b7a8d4cd44c,focused,face_or_body,True,none,work,"stock proxy (posture_focus), not first-person webcam; label derived from the bucket, not annotated; Pexels; https://kaboompics.com/ / Pexels; https://www.pexels.com/photo/7320604/",at_desk
attention-proxies/posture_focus/posture_focus_p7594098.jpg,eval,apx_posture_focus_667cfa38ed64,focused,face_or_body,True,none,work,"stock proxy (posture_focus), not first-person webcam; label derived from the bucket, not annotated; Pexels; Mikhail Nilov / Pexels; https://www.pexels.com/photo/7594098/",at_desk
attention-proxies/posture_focus/posture_focus_p7710167.jpg,eval,apx_posture_focus_7e698d4e651f,focused,face_or_body,True,none,work,"stock proxy (posture_focus), not first-person webcam; label derived from the bucket, not annotated; Pexels; Alena Darmel / Pexels; https://www.pexels.com/photo/7710167/",at_desk
attention-proxies/posture_focus/posture_focus_p7776473.jpg,train,apx_posture_focus_93cd9177d92a,focused,face_or_body,True,none,work,"stock proxy (posture_focus), not first-person webcam; label derived from the bucket, not annotated; Pexels; Mikhail Nilov / Pexels; https://www.pexels.com/photo/7776473/",at_desk
attention-proxies/posture_focus/posture_focus_p7929256.jpg,train,apx_posture_focus_b3f786f26178,focused,face_or_body,True,none,work,"stock proxy (posture_focus), not first-person webcam; label derived from the bucket, not annotated; Pexels; Mikhail Nilov / Pexels; https://www.pexels.com/photo/7929256/",at_desk
attention-proxies/posture_focus/posture_focus_p8069137.jpg,eval,apx_posture_focus_fee1cf359bc1,focused,face_or_body,True,none,work,"stock proxy (posture_focus), not first-person webcam; label derived from the bucket, not annotated; Pexels; Edmond Dantès / Pexels; https://www.pexels.com/photo/8069137/",at_desk
attention-proxies/posture_focus/posture_focus_p8465068.jpg,eval,apx_posture_focus_cb27f16f7959,focused,face_or_body,True,none,work,"stock proxy (posture_focus), not first-person webcam; label derived from the bucket, not annotated; Pexels; cottonbro studio / Pexels; https://www.pexels.com/photo/8465068/",at_desk
attention-proxies/posture_focus/posture_focus_p8682774.jpg,train,apx_posture_focus_78233657a619,focused,face_or_body,True,none,work,"stock proxy (posture_focus), not first-person webcam; label derived from the bucket, not annotated; Pexels; Ron Lach / Pexels; https://www.pexels.com/photo/8682774/",at_desk
attention-proxies/posture_focus/posture_focus_p9068398.jpg,train,apx_posture_focus_4f966b22bf80,focused,face_or_body,True,none,work,"stock proxy (posture_focus), not first-person webcam; label derived from the bucket, not annotated; Pexels; cottonbro studio / Pexels; https://www.pexels.com/photo/9068398/",at_desk
attention-proxies/posture_focus/posture_focus_p9158716.jpg,train,apx_posture_focus_6a9488a7c4fb,focused,face_or_body,True,none,work,"stock proxy (posture_focus), not first-person webcam; label derived from the bucket, not annotated; Pexels; Mikhail Nilov / Pexels; https://www.pexels.com/photo/9158716/",at_desk
attention-proxies/uncertain/uncertain_p12899149.jpg,eval,apx_uncertain_ad7be5fea5e7,,face_or_body,True,none,unclear,"stock proxy (uncertain), not first-person webcam; label derived from the bucket, not annotated; Pexels; Mizuno K / Pexels; https://www.pexels.com/photo/12899149/",uncertain
attention-proxies/uncertain/uncertain_p3183152.jpg,train,apx_uncertain_26af140c89e4,,face_or_body,True,none,unclear,"stock proxy (uncertain), not first-person webcam; label derived from the bucket, not annotated; Pexels; fauxels / Pexels; https://www.pexels.com/photo/3183152/",uncertain
attention-proxies/uncertain/uncertain_p3201479.jpg,train,apx_uncertain_ad9fecd05959,,face_or_body,True,none,unclear,"stock proxy (uncertain), not first-person webcam; label derived from the bucket, not annotated; Pexels; cottonbro studio / Pexels; https://www.pexels.com/photo/3201479/",uncertain
attention-proxies/uncertain/uncertain_p3747403.jpg,train,apx_uncertain_5009adf3fd19,,face_or_body,True,none,unclear,"stock proxy (uncertain), not first-person webcam; label derived from the bucket, not annotated; Pexels; Polina Zimmerman / Pexels; https://www.pexels.com/photo/3747403/",uncertain
attention-proxies/uncertain/uncertain_p7034382.jpg,eval,apx_uncertain_5e43c9117ecb,,face_or_body,True,none,unclear,"stock proxy (uncertain), not first-person webcam; label derived from the bucket, not annotated; Pexels; George Milton / Pexels; https://www.pexels.com/photo/7034382/",uncertain
attention-proxies/uncertain/uncertain_p7320638.jpg,eval,apx_uncertain_f222ef28edd0,,face_or_body,True,none,unclear,"stock proxy (uncertain), not first-person webcam; label derived from the bucket, not annotated; Pexels; https://kaboompics.com/ / Pexels; https://www.pexels.com/photo/7320638/",uncertain
attention-proxies/uncertain/uncertain_p7845091.jpg,eval,apx_uncertain_f2f384d70710,,face_or_body,True,none,unclear,"stock proxy (uncertain), not first-person webcam; label derived from the bucket, not annotated; Pexels; RDNE Stock project / Pexels; https://www.pexels.com/photo/7845091/",uncertain
attention-proxies/uncertain/uncertain_p8369247.jpg,eval,apx_uncertain_9afbc37ae88a,,face_or_body,True,none,unclear,"stock proxy (uncertain), not first-person webcam; label derived from the bucket, not annotated; Pexels; cottonbro studio / Pexels; https://www.pexels.com/photo/8369247/",uncertain
attention-proxies/uncertain/uncertain_p8369605.jpg,train,apx_uncertain_ae14eb18f9e8,,face_or_body,True,none,unclear,"stock proxy (uncertain), not first-person webcam; label derived from the bucket, not annotated; Pexels; RDNE Stock project / Pexels; https://www.pexels.com/photo/8369605/",uncertain
attention-proxies/uncertain/uncertain_p845451.jpg,eval,apx_uncertain_1823add39cac,,face_or_body,True,none,unclear,"stock proxy (uncertain), not first-person webcam; label derived from the bucket, not annotated; Pexels; Andrea Piacquadio / Pexels; https://www.pexels.com/photo/845451/",uncertain
attention-proxies/uncertain/uncertain_p8467931.jpg,train,apx_uncertain_d5016b8260d5,,face_or_body,True,none,unclear,"stock proxy (uncertain), not first-person webcam; label derived from the bucket, not annotated; Pexels; cottonbro studio / Pexels; https://www.pexels.com/photo/8467931/",uncertain
attention-proxies/uncertain/uncertain_p8467933.jpg,eval,apx_uncertain_17419b1e5872,,face_or_body,True,none,unclear,"stock proxy (uncertain), not first-person webcam; label derived from the bucket, not annotated; Pexels; cottonbro studio / Pexels; https://www.pexels.com/photo/8467933/",uncertain
attention-proxies/uncertain/uncertain_p8468112.jpg,train,apx_uncertain_20daaab6023d,,face_or_body,True,none,unclear,"stock proxy (uncertain), not first-person webcam; label derived from the bucket, not annotated; Pexels; cottonbro studio / Pexels; https://www.pexels.com/photo/8468112/",uncertain
